-- Vndor
DELETE FROM `creature_template` WHERE (`entry` = 59998);
INSERT INTO `creature_template` (`entry`, `difficulty_entry_1`, `difficulty_entry_2`, `difficulty_entry_3`, `KillCredit1`, `KillCredit2`, `modelid1`, `modelid2`, `modelid3`, `modelid4`, `name`, `subname`, `IconName`, `gossip_menu_id`, `minlevel`, `maxlevel`, `exp`, `faction`, `npcflag`, `speed_walk`, `speed_run`, `speed_swim`, `speed_flight`, `detection_range`, `scale`, `rank`, `dmgschool`, `DamageModifier`, `BaseAttackTime`, `RangeAttackTime`, `BaseVariance`, `RangeVariance`, `unit_class`, `unit_flags`, `unit_flags2`, `dynamicflags`, `family`, `trainer_type`, `trainer_spell`, `trainer_class`, `trainer_race`, `type`, `type_flags`, `lootid`, `pickpocketloot`, `skinloot`, `PetSpellDataId`, `VehicleId`, `mingold`, `maxgold`, `AIName`, `MovementType`, `HoverHeight`, `HealthModifier`, `ManaModifier`, `ArmorModifier`, `ExperienceModifier`, `RacialLeader`, `movementId`, `RegenHealth`, `mechanic_immune_mask`, `spell_school_immune_mask`, `flags_extra`, `ScriptName`, `VerifiedBuild`) VALUES
(59998, 0, 0, 0, 0, 0, 10746, 0, 0, 0, 'Selena', 'Brawler\'s Guild', 'Speak', 0, 80, 80, 0, 35, 129, 1, 1, 1, 1, 1, 2, 3, 0, 1, 0, 0, 0, 0, 1, 0, 0, 0, 0, 0, 0, 0, 0, 7, 0, 0, 0, 0, 0, 0, 0, 0, '', 0, 1, 400, 1, 1, 1, 0, 0, 1, 0, 0, 2, 'npc_brawlers_vendor', 0);

DELETE FROM `npc_vendor` WHERE (`entry` = 59998);
INSERT INTO `npc_vendor` (`entry`, `slot`, `item`, `maxcount`, `incrtime`, `ExtendedCost`, `VerifiedBuild`) VALUES
(59998, 0, 33445, 0, 0, 0, 0),
(59998, 0, 40202, 0, 0, 0, 0);

DELETE FROM `creature` WHERE (`id1` = 59998);
INSERT INTO `creature` (`guid`, `id1`, `id2`, `id3`, `map`, `zoneId`, `areaId`, `spawnMask`, `phaseMask`, `equipment_id`, `position_x`, `position_y`, `position_z`, `orientation`, `spawntimesecs`, `wander_distance`, `currentwaypoint`, `curhealth`, `curmana`, `MovementType`, `npcflag`, `unit_flags`, `dynamicflags`, `ScriptName`, `VerifiedBuild`, `CreateObject`, `Comment`) VALUES
(3110432, 59998, 0, 0, 1, 0, 0, 1, 1, 0, 2214.9, -4772.83, 64.9912, 4.01499, 300, 0, 0, 2136800, 0, 0, 0, 0, 0, '', NULL, 0, NULL);

-- Rat
DELETE FROM `creature_template` WHERE (`entry` = 59999);
INSERT INTO `creature_template` (`entry`, `difficulty_entry_1`, `difficulty_entry_2`, `difficulty_entry_3`, `KillCredit1`, `KillCredit2`, `modelid1`, `modelid2`, `modelid3`, `modelid4`, `name`, `subname`, `IconName`, `gossip_menu_id`, `minlevel`, `maxlevel`, `exp`, `faction`, `npcflag`, `speed_walk`, `speed_run`, `speed_swim`, `speed_flight`, `detection_range`, `scale`, `rank`, `dmgschool`, `DamageModifier`, `BaseAttackTime`, `RangeAttackTime`, `BaseVariance`, `RangeVariance`, `unit_class`, `unit_flags`, `unit_flags2`, `dynamicflags`, `family`, `trainer_type`, `trainer_spell`, `trainer_class`, `trainer_race`, `type`, `type_flags`, `lootid`, `pickpocketloot`, `skinloot`, `PetSpellDataId`, `VehicleId`, `mingold`, `maxgold`, `AIName`, `MovementType`, `HoverHeight`, `HealthModifier`, `ManaModifier`, `ArmorModifier`, `ExperienceModifier`, `RacialLeader`, `movementId`, `RegenHealth`, `mechanic_immune_mask`, `spell_school_immune_mask`, `flags_extra`, `ScriptName`, `VerifiedBuild`) VALUES
(59999, 0, 0, 0, 0, 0, 1141, 0, 0, 0, 'El Rato', 'Brawler\'s Guild', '', 0, 80, 80, 0, 35, 1, 1, 1, 1, 1, 1, 3, 3, 0, 1, 0, 0, 0, 0, 1, 768, 0, 0, 0, 0, 0, 0, 0, 9, 0, 0, 0, 0, 0, 0, 0, 0, '', 0, 1, 400, 1, 1, 1, 0, 0, 1, 0, 0, 2, 'npc_anti_stuck', 0);

DELETE FROM `creature` WHERE (`id1` = 59999);
INSERT INTO `creature` (`guid`, `id1`, `id2`, `id3`, `map`, `zoneId`, `areaId`, `spawnMask`, `phaseMask`, `equipment_id`, `position_x`, `position_y`, `position_z`, `orientation`, `spawntimesecs`, `wander_distance`, `currentwaypoint`, `curhealth`, `curmana`, `MovementType`, `npcflag`, `unit_flags`, `dynamicflags`, `ScriptName`, `VerifiedBuild`, `CreateObject`, `Comment`) VALUES
(3110427, 59999, 0, 0, 1, 0, 0, 1, 1, 0, 2200.73, -4769.51, 55.1391, 2.72533, 300, 0, 0, 2136800, 0, 0, 0, 0, 0, '', NULL, 0, NULL);

-- Main NPC
DELETE FROM `creature_template` WHERE (`entry` = 60000);
INSERT INTO `creature_template` (`entry`, `difficulty_entry_1`, `difficulty_entry_2`, `difficulty_entry_3`, `KillCredit1`, `KillCredit2`, `modelid1`, `modelid2`, `modelid3`, `modelid4`, `name`, `subname`, `IconName`, `gossip_menu_id`, `minlevel`, `maxlevel`, `exp`, `faction`, `npcflag`, `speed_walk`, `speed_run`, `speed_swim`, `speed_flight`, `detection_range`, `scale`, `rank`, `dmgschool`, `DamageModifier`, `BaseAttackTime`, `RangeAttackTime`, `BaseVariance`, `RangeVariance`, `unit_class`, `unit_flags`, `unit_flags2`, `dynamicflags`, `family`, `trainer_type`, `trainer_spell`, `trainer_class`, `trainer_race`, `type`, `type_flags`, `lootid`, `pickpocketloot`, `skinloot`, `PetSpellDataId`, `VehicleId`, `mingold`, `maxgold`, `AIName`, `MovementType`, `HoverHeight`, `HealthModifier`, `ManaModifier`, `ArmorModifier`, `ExperienceModifier`, `RacialLeader`, `movementId`, `RegenHealth`, `mechanic_immune_mask`, `spell_school_immune_mask`, `flags_extra`, `ScriptName`, `VerifiedBuild`) VALUES
(60000, 0, 0, 0, 0, 0, 30076, 0, 0, 0, 'Helix', 'Brawler\'s Guild', '', 0, 80, 80, 0, 35, 3, 1, 1, 1, 1, 1, 2, 3, 0, 1, 0, 0, 0, 0, 1, 0, 0, 0, 0, 0, 0, 0, 0, 9, 0, 0, 0, 0, 0, 0, 0, 0, '', 0, 1, 400, 1, 1, 1, 0, 0, 1, 0, 0, 2, 'npc_brawlers_guild', 0);

DELETE FROM `creature` WHERE (`id1` = 60000);
INSERT INTO `creature` (`guid`, `id1`, `id2`, `id3`, `map`, `zoneId`, `areaId`, `spawnMask`, `phaseMask`, `equipment_id`, `position_x`, `position_y`, `position_z`, `orientation`, `spawntimesecs`, `wander_distance`, `currentwaypoint`, `curhealth`, `curmana`, `MovementType`, `npcflag`, `unit_flags`, `dynamicflags`, `ScriptName`, `VerifiedBuild`, `CreateObject`, `Comment`) VALUES
(3110428, 60000, 0, 0, 1, 0, 0, 1, 1, 0, 2204.28, -4781.21, 65.8329, 2.55355, 120, 0, 0, 1, 0, 0, 0, 0, 0, '', 0, 0, NULL);

-- Logic NPC
DELETE FROM `creature_template` WHERE (`entry` = 60001);
INSERT INTO `creature_template` (`entry`, `difficulty_entry_1`, `difficulty_entry_2`, `difficulty_entry_3`, `KillCredit1`, `KillCredit2`, `modelid1`, `modelid2`, `modelid3`, `modelid4`, `name`, `subname`, `IconName`, `gossip_menu_id`, `minlevel`, `maxlevel`, `exp`, `faction`, `npcflag`, `speed_walk`, `speed_run`, `speed_swim`, `speed_flight`, `detection_range`, `scale`, `rank`, `dmgschool`, `DamageModifier`, `BaseAttackTime`, `RangeAttackTime`, `BaseVariance`, `RangeVariance`, `unit_class`, `unit_flags`, `unit_flags2`, `dynamicflags`, `family`, `trainer_type`, `trainer_spell`, `trainer_class`, `trainer_race`, `type`, `type_flags`, `lootid`, `pickpocketloot`, `skinloot`, `PetSpellDataId`, `VehicleId`, `mingold`, `maxgold`, `AIName`, `MovementType`, `HoverHeight`, `HealthModifier`, `ManaModifier`, `ArmorModifier`, `ExperienceModifier`, `RacialLeader`, `movementId`, `RegenHealth`, `mechanic_immune_mask`, `spell_school_immune_mask`, `flags_extra`, `ScriptName`, `VerifiedBuild`) VALUES
(60001, 0, 0, 0, 0, 0, 169, 0, 0, 0, 'Player Detector', '', '', 0, 1, 1, 0, 35, 0, 1, 1.14286, 1, 1, 1, 1, 0, 0, 1, 0, 0, 0, 0, 1, 0, 0, 0, 0, 0, 0, 0, 0, 0, 0, 0, 0, 0, 0, 0, 0, 0, '', 0, 1, 1, 1, 1, 1, 0, 0, 1, 0, 0, 130, 'npc_player_detector', 0);
DELETE FROM `creature` WHERE (`id1` = 60001);
INSERT INTO `creature` (`guid`, `id1`, `id2`, `id3`, `map`, `zoneId`, `areaId`, `spawnMask`, `phaseMask`, `equipment_id`, `position_x`, `position_y`, `position_z`, `orientation`, `spawntimesecs`, `wander_distance`, `currentwaypoint`, `curhealth`, `curmana`, `MovementType`, `npcflag`, `unit_flags`, `dynamicflags`, `ScriptName`, `VerifiedBuild`, `CreateObject`, `Comment`) VALUES
(3110429, 60001, 0, 0, 1, 0, 0, 1, 1, 0, 2178.22, -4764.79, 55.1381, 4.1, 300, 0, 0, 42, 0, 0, 0, 33554432, 0, '', NULL, 0, NULL);

-- Item (PH item)
DELETE FROM `item_template` WHERE (`entry` = 43003);
INSERT INTO `item_template` (`entry`, `class`, `subclass`, `SoundOverrideSubclass`, `name`, `displayid`, `Quality`, `Flags`, `FlagsExtra`, `BuyCount`, `BuyPrice`, `SellPrice`, `InventoryType`, `AllowableClass`, `AllowableRace`, `ItemLevel`, `RequiredLevel`, `RequiredSkill`, `RequiredSkillRank`, `requiredspell`, `requiredhonorrank`, `RequiredCityRank`, `RequiredReputationFaction`, `RequiredReputationRank`, `maxcount`, `stackable`, `ContainerSlots`, `StatsCount`, `stat_type1`, `stat_value1`, `stat_type2`, `stat_value2`, `stat_type3`, `stat_value3`, `stat_type4`, `stat_value4`, `stat_type5`, `stat_value5`, `stat_type6`, `stat_value6`, `stat_type7`, `stat_value7`, `stat_type8`, `stat_value8`, `stat_type9`, `stat_value9`, `stat_type10`, `stat_value10`, `ScalingStatDistribution`, `ScalingStatValue`, `dmg_min1`, `dmg_max1`, `dmg_type1`, `dmg_min2`, `dmg_max2`, `dmg_type2`, `armor`, `holy_res`, `fire_res`, `nature_res`, `frost_res`, `shadow_res`, `arcane_res`, `delay`, `ammo_type`, `RangedModRange`, `spellid_1`, `spelltrigger_1`, `spellcharges_1`, `spellppmRate_1`, `spellcooldown_1`, `spellcategory_1`, `spellcategorycooldown_1`, `spellid_2`, `spelltrigger_2`, `spellcharges_2`, `spellppmRate_2`, `spellcooldown_2`, `spellcategory_2`, `spellcategorycooldown_2`, `spellid_3`, `spelltrigger_3`, `spellcharges_3`, `spellppmRate_3`, `spellcooldown_3`, `spellcategory_3`, `spellcategorycooldown_3`, `spellid_4`, `spelltrigger_4`, `spellcharges_4`, `spellppmRate_4`, `spellcooldown_4`, `spellcategory_4`, `spellcategorycooldown_4`, `spellid_5`, `spelltrigger_5`, `spellcharges_5`, `spellppmRate_5`, `spellcooldown_5`, `spellcategory_5`, `spellcategorycooldown_5`, `bonding`, `description`, `PageText`, `LanguageID`, `PageMaterial`, `startquest`, `lockid`, `Material`, `sheath`, `RandomProperty`, `RandomSuffix`, `block`, `itemset`, `MaxDurability`, `area`, `Map`, `BagFamily`, `TotemCategory`, `socketColor_1`, `socketContent_1`, `socketColor_2`, `socketContent_2`, `socketColor_3`, `socketContent_3`, `socketBonus`, `GemProperties`, `RequiredDisenchantSkill`, `ArmorDamageModifier`, `duration`, `ItemLimitCategory`, `HolidayId`, `ScriptName`, `DisenchantID`, `FoodType`, `minMoneyLoot`, `maxMoneyLoot`, `flagsCustom`, `VerifiedBuild`) VALUES
(43003, 15, 0, -1, 'Brawler\'s Gold', 34104, 4, 134217760, 0, 1, 0, 0, 0, 0, 0, 0, 0, 0, 0, 0, 0, 0, 0, 0, 1000, 1000, 0, 0, 0, 0, 0, 0, 0, 0, 0, 0, 0, 0, 0, 0, 0, 0, 0, 0, 0, 0, 0, 0, 0, 0, 0, 0, 0, 0, 0, 0, 0, 0, 0, 0, 0, 0, 0, 1000, 0, 0, 0, 0, 0, 0, -1, 0, -1, 0, 0, 0, 0, -1, 0, -1, 0, 0, 0, 0, -1, 0, -1, 0, 0, 0, 0, -1, 0, -1, 0, 0, 0, 0, -1, 0, -1, 0, 'Awarded to victors of the Brawler\'s Guild. Use it to purchase Rumble Cards and other world-altering items at the Brawler\'s Gold Exchange vendor.', 0, 0, 0, 0, 0, 1, 0, 0, 0, 0, 0, 0, 0, 0, 0, 0, 0, 0, 0, 0, 0, 0, 0, 0, -1, 0, 0, 0, 0, '', 0, 0, 0, 0, 0, 0);

-- Quest
DELETE FROM `quest_template` WHERE (`ID` = 90000);
INSERT INTO `quest_template` (`ID`, `QuestType`, `QuestLevel`, `MinLevel`, `QuestSortID`, `QuestInfoID`, `SuggestedGroupNum`, `RequiredFactionId1`, `RequiredFactionId2`, `RequiredFactionValue1`, `RequiredFactionValue2`, `RewardNextQuest`, `RewardXPDifficulty`, `RewardMoney`, `RewardMoneyDifficulty`, `RewardBonusMoney`, `RewardDisplaySpell`, `RewardSpell`, `RewardHonor`, `RewardKillHonor`, `StartItem`, `Flags`, `RequiredPlayerKills`, `RewardItem1`, `RewardAmount1`, `RewardItem2`, `RewardAmount2`, `RewardItem3`, `RewardAmount3`, `RewardItem4`, `RewardAmount4`, `ItemDrop1`, `ItemDropQuantity1`, `ItemDrop2`, `ItemDropQuantity2`, `ItemDrop3`, `ItemDropQuantity3`, `ItemDrop4`, `ItemDropQuantity4`, `RewardChoiceItemID1`, `RewardChoiceItemQuantity1`, `RewardChoiceItemID2`, `RewardChoiceItemQuantity2`, `RewardChoiceItemID3`, `RewardChoiceItemQuantity3`, `RewardChoiceItemID4`, `RewardChoiceItemQuantity4`, `RewardChoiceItemID5`, `RewardChoiceItemQuantity5`, `RewardChoiceItemID6`, `RewardChoiceItemQuantity6`, `POIContinent`, `POIx`, `POIy`, `POIPriority`, `RewardTitle`, `RewardTalents`, `RewardArenaPoints`, `RewardFactionID1`, `RewardFactionValue1`, `RewardFactionOverride1`, `RewardFactionID2`, `RewardFactionValue2`, `RewardFactionOverride2`, `RewardFactionID3`, `RewardFactionValue3`, `RewardFactionOverride3`, `RewardFactionID4`, `RewardFactionValue4`, `RewardFactionOverride4`, `RewardFactionID5`, `RewardFactionValue5`, `RewardFactionOverride5`, `TimeAllowed`, `AllowableRaces`, `LogTitle`, `LogDescription`, `QuestDescription`, `AreaDescription`, `QuestCompletionLog`, `RequiredNpcOrGo1`, `RequiredNpcOrGo2`, `RequiredNpcOrGo3`, `RequiredNpcOrGo4`, `RequiredNpcOrGoCount1`, `RequiredNpcOrGoCount2`, `RequiredNpcOrGoCount3`, `RequiredNpcOrGoCount4`, `RequiredItemId1`, `RequiredItemId2`, `RequiredItemId3`, `RequiredItemId4`, `RequiredItemId5`, `RequiredItemId6`, `RequiredItemCount1`, `RequiredItemCount2`, `RequiredItemCount3`, `RequiredItemCount4`, `RequiredItemCount5`, `RequiredItemCount6`, `Unknown0`, `ObjectiveText1`, `ObjectiveText2`, `ObjectiveText3`, `ObjectiveText4`, `VerifiedBuild`) VALUES
(90000, 0, 80, 80, 0, 0, 0, 0, 0, 0, 0, 0, 0, 0, 0, 0, 0, 0, 0, 0, 0, 0, 0, 0, 0, 0, 0, 0, 0, 0, 0, 0, 0, 0, 0, 0, 0, 0, 0, 0, 0, 0, 0, 0, 0, 0, 0, 0, 0, 0, 0, 0, 0, 0, 0, 0, 0, 0, 0, 0, 0, 0, 0, 0, 0, 0, 0, 0, 0, 0, 0, 0, 0, 0, 0, 'Brawler\'s Guild', 'Speak with Helix to learn more about the Brawler\'s Guild.', 'Speak with Helix to learn more about the Brawler\'s Guild.', '', 'Speak with Helix to learn more about the Brawler\'s Guild.', 0, 0, 0, 0, 0, 0, 0, 0, 0, 0, 0, 0, 0, 0, 0, 0, 0, 0, 0, 0, 0, '', '', '', '', 0);

DELETE FROM `quest_offer_reward` WHERE (`ID` = 90000);
INSERT INTO `quest_offer_reward` (`ID`, `Emote1`, `Emote2`, `Emote3`, `Emote4`, `EmoteDelay1`, `EmoteDelay2`, `EmoteDelay3`, `EmoteDelay4`, `RewardText`, `VerifiedBuild`) VALUES
(90000, 1, 0, 0, 0, 0, 0, 0, 0, 'You must be here for the Brawler\'s Guild, eh? $B$BWell, let me tell you, it\'s not for the faint of heart. Those fights can get pretty intense, but the rewards are worth it. $B$BI\'ve heard that some of the toughest fighters in Azeroth have made their way through these doors. $B$BAnd rumor has it that a new challenger has just arrived, someone who\'s been making waves in the underground fight scene. $B$BWho knows what kind of surprises they\'ll bring to the ring? $B$BGood luck, friend. You\'re gonna need it.', 0);

DELETE FROM `creature_queststarter` WHERE (`quest` = 90000);
INSERT INTO `creature_queststarter` (`id`, `quest`) VALUES
(60000, 90000);

DELETE FROM `creature_questender` WHERE (`quest` = 90000);
INSERT INTO `creature_questender` (`id`, `quest`) VALUES
(60000, 90000);

-- spell dbc
DELETE FROM `spell_dbc` WHERE (`ID` = 200001);
INSERT INTO `spell_dbc` (`ID`, `Category`, `DispelType`, `Mechanic`, `Attributes`, `AttributesEx`, `AttributesEx2`, `AttributesEx3`, `AttributesEx4`, `AttributesEx5`, `AttributesEx6`, `AttributesEx7`, `ShapeshiftMask`, `unk_320_2`, `ShapeshiftExclude`, `unk_320_3`, `Targets`, `TargetCreatureType`, `RequiresSpellFocus`, `FacingCasterFlags`, `CasterAuraState`, `TargetAuraState`, `ExcludeCasterAuraState`, `ExcludeTargetAuraState`, `CasterAuraSpell`, `TargetAuraSpell`, `ExcludeCasterAuraSpell`, `ExcludeTargetAuraSpell`, `CastingTimeIndex`, `RecoveryTime`, `CategoryRecoveryTime`, `InterruptFlags`, `AuraInterruptFlags`, `ChannelInterruptFlags`, `ProcTypeMask`, `ProcChance`, `ProcCharges`, `MaxLevel`, `BaseLevel`, `SpellLevel`, `DurationIndex`, `PowerType`, `ManaCost`, `ManaCostPerLevel`, `ManaPerSecond`, `ManaPerSecondPerLevel`, `RangeIndex`, `Speed`, `ModalNextSpell`, `CumulativeAura`, `Totem_1`, `Totem_2`, `Reagent_1`, `Reagent_2`, `Reagent_3`, `Reagent_4`, `Reagent_5`, `Reagent_6`, `Reagent_7`, `Reagent_8`, `ReagentCount_1`, `ReagentCount_2`, `ReagentCount_3`, `ReagentCount_4`, `ReagentCount_5`, `ReagentCount_6`, `ReagentCount_7`, `ReagentCount_8`, `EquippedItemClass`, `EquippedItemSubclass`, `EquippedItemInvTypes`, `Effect_1`, `Effect_2`, `Effect_3`, `EffectDieSides_1`, `EffectDieSides_2`, `EffectDieSides_3`, `EffectRealPointsPerLevel_1`, `EffectRealPointsPerLevel_2`, `EffectRealPointsPerLevel_3`, `EffectBasePoints_1`, `EffectBasePoints_2`, `EffectBasePoints_3`, `EffectMechanic_1`, `EffectMechanic_2`, `EffectMechanic_3`, `ImplicitTargetA_1`, `ImplicitTargetA_2`, `ImplicitTargetA_3`, `ImplicitTargetB_1`, `ImplicitTargetB_2`, `ImplicitTargetB_3`, `EffectRadiusIndex_1`, `EffectRadiusIndex_2`, `EffectRadiusIndex_3`, `EffectAura_1`, `EffectAura_2`, `EffectAura_3`, `EffectAuraPeriod_1`, `EffectAuraPeriod_2`, `EffectAuraPeriod_3`, `EffectMultipleValue_1`, `EffectMultipleValue_2`, `EffectMultipleValue_3`, `EffectChainTargets_1`, `EffectChainTargets_2`, `EffectChainTargets_3`, `EffectItemType_1`, `EffectItemType_2`, `EffectItemType_3`, `EffectMiscValue_1`, `EffectMiscValue_2`, `EffectMiscValue_3`, `EffectMiscValueB_1`, `EffectMiscValueB_2`, `EffectMiscValueB_3`, `EffectTriggerSpell_1`, `EffectTriggerSpell_2`, `EffectTriggerSpell_3`, `EffectPointsPerCombo_1`, `EffectPointsPerCombo_2`, `EffectPointsPerCombo_3`, `EffectSpellClassMaskA_1`, `EffectSpellClassMaskA_2`, `EffectSpellClassMaskA_3`, `EffectSpellClassMaskB_1`, `EffectSpellClassMaskB_2`, `EffectSpellClassMaskB_3`, `EffectSpellClassMaskC_1`, `EffectSpellClassMaskC_2`, `EffectSpellClassMaskC_3`, `SpellVisualID_1`, `SpellVisualID_2`, `SpellIconID`, `ActiveIconID`, `SpellPriority`, `Name_Lang_enUS`, `Name_Lang_enGB`, `Name_Lang_koKR`, `Name_Lang_frFR`, `Name_Lang_deDE`, `Name_Lang_enCN`, `Name_Lang_zhCN`, `Name_Lang_enTW`, `Name_Lang_zhTW`, `Name_Lang_esES`, `Name_Lang_esMX`, `Name_Lang_ruRU`, `Name_Lang_ptPT`, `Name_Lang_ptBR`, `Name_Lang_itIT`, `Name_Lang_Unk`, `Name_Lang_Mask`, `NameSubtext_Lang_enUS`, `NameSubtext_Lang_enGB`, `NameSubtext_Lang_koKR`, `NameSubtext_Lang_frFR`, `NameSubtext_Lang_deDE`, `NameSubtext_Lang_enCN`, `NameSubtext_Lang_zhCN`, `NameSubtext_Lang_enTW`, `NameSubtext_Lang_zhTW`, `NameSubtext_Lang_esES`, `NameSubtext_Lang_esMX`, `NameSubtext_Lang_ruRU`, `NameSubtext_Lang_ptPT`, `NameSubtext_Lang_ptBR`, `NameSubtext_Lang_itIT`, `NameSubtext_Lang_Unk`, `NameSubtext_Lang_Mask`, `Description_Lang_enUS`, `Description_Lang_enGB`, `Description_Lang_koKR`, `Description_Lang_frFR`, `Description_Lang_deDE`, `Description_Lang_enCN`, `Description_Lang_zhCN`, `Description_Lang_enTW`, `Description_Lang_zhTW`, `Description_Lang_esES`, `Description_Lang_esMX`, `Description_Lang_ruRU`, `Description_Lang_ptPT`, `Description_Lang_ptBR`, `Description_Lang_itIT`, `Description_Lang_Unk`, `Description_Lang_Mask`, `AuraDescription_Lang_enUS`, `AuraDescription_Lang_enGB`, `AuraDescription_Lang_koKR`, `AuraDescription_Lang_frFR`, `AuraDescription_Lang_deDE`, `AuraDescription_Lang_enCN`, `AuraDescription_Lang_zhCN`, `AuraDescription_Lang_enTW`, `AuraDescription_Lang_zhTW`, `AuraDescription_Lang_esES`, `AuraDescription_Lang_esMX`, `AuraDescription_Lang_ruRU`, `AuraDescription_Lang_ptPT`, `AuraDescription_Lang_ptBR`, `AuraDescription_Lang_itIT`, `AuraDescription_Lang_Unk`, `AuraDescription_Lang_Mask`, `ManaCostPct`, `StartRecoveryCategory`, `StartRecoveryTime`, `MaxTargetLevel`, `SpellClassSet`, `SpellClassMask_1`, `SpellClassMask_2`, `SpellClassMask_3`, `MaxTargets`, `DefenseType`, `PreventionType`, `StanceBarOrder`, `EffectChainAmplitude_1`, `EffectChainAmplitude_2`, `EffectChainAmplitude_3`, `MinFactionID`, `MinReputation`, `RequiredAuraVision`, `RequiredTotemCategoryID_1`, `RequiredTotemCategoryID_2`, `RequiredAreasID`, `SchoolMask`, `RuneCostID`, `SpellMissileID`, `PowerDisplayID`, `EffectBonusMultiplier_1`, `EffectBonusMultiplier_2`, `EffectBonusMultiplier_3`, `SpellDescriptionVariableID`, `SpellDifficultyID`) VALUES
(200001, 0, 0, 0, 256, 0, 0, 0, 0, 0, 0, 0, 0, 0, 0, 0, 0, 0, 0, 0, 0, 0, 0, 0, 0, 0, 0, 0, 0, 0, 0, 0, 0, 0, 0, 101, 0, 0, 80, 80, 3, 0, 0, 0, 0, 0, 0, 0, 0, 0, 0, 0, 0, 0, 0, 0, 0, 0, 0, 0, 0, 0, 0, 0, 0, 0, 0, 0, -1, 0, 0, 6, 0, 0, 0, 0, 0, 0, 0, 0, 0, 0, 0, 0, 0, 0, 1, 0, 0, 0, 0, 0, 0, 0, 0, 4, 0, 0, 0, 0, 0, 0, 0, 0, 0, 0, 0, 0, 0, 0, 1, 0, 0, 0, 0, 0, 0, 0, 0, 0, 0, 0, 0, 0, 0, 0, 0, 0, 0, 0, 0, 0, 0, 320, 0, 0, 'Queue Cooldown', '', '', '', '', '', '', '', '', '0', '0', '0', '0', '0', '0', '0', 0, '', '', '', '', '', '', '', '', '', '0', '0', '0', '0', '0', '0', '0', 0, '', '', '', '', '', '', '', '', '', '0', '0', '0', '0', '0', '0', '0', 0, '', NULL, NULL, NULL, NULL, NULL, NULL, NULL, NULL, NULL, NULL, NULL, NULL, NULL, NULL, NULL, 0, 0, 0, 0, 0, 0, 0, 0, 0, 0, 0, 0, 0, 0, 0, 0, 0, 0, 0, 0, 0, 0, 0, 0, 0, 0, 0, 0, 0, 0, 0);

DELETE FROM `spell_dbc` WHERE (`ID` = 200002);
INSERT INTO `spell_dbc` (`ID`, `Category`, `DispelType`, `Mechanic`, `Attributes`, `AttributesEx`, `AttributesEx2`, `AttributesEx3`, `AttributesEx4`, `AttributesEx5`, `AttributesEx6`, `AttributesEx7`, `ShapeshiftMask`, `unk_320_2`, `ShapeshiftExclude`, `unk_320_3`, `Targets`, `TargetCreatureType`, `RequiresSpellFocus`, `FacingCasterFlags`, `CasterAuraState`, `TargetAuraState`, `ExcludeCasterAuraState`, `ExcludeTargetAuraState`, `CasterAuraSpell`, `TargetAuraSpell`, `ExcludeCasterAuraSpell`, `ExcludeTargetAuraSpell`, `CastingTimeIndex`, `RecoveryTime`, `CategoryRecoveryTime`, `InterruptFlags`, `AuraInterruptFlags`, `ChannelInterruptFlags`, `ProcTypeMask`, `ProcChance`, `ProcCharges`, `MaxLevel`, `BaseLevel`, `SpellLevel`, `DurationIndex`, `PowerType`, `ManaCost`, `ManaCostPerLevel`, `ManaPerSecond`, `ManaPerSecondPerLevel`, `RangeIndex`, `Speed`, `ModalNextSpell`, `CumulativeAura`, `Totem_1`, `Totem_2`, `Reagent_1`, `Reagent_2`, `Reagent_3`, `Reagent_4`, `Reagent_5`, `Reagent_6`, `Reagent_7`, `Reagent_8`, `ReagentCount_1`, `ReagentCount_2`, `ReagentCount_3`, `ReagentCount_4`, `ReagentCount_5`, `ReagentCount_6`, `ReagentCount_7`, `ReagentCount_8`, `EquippedItemClass`, `EquippedItemSubclass`, `EquippedItemInvTypes`, `Effect_1`, `Effect_2`, `Effect_3`, `EffectDieSides_1`, `EffectDieSides_2`, `EffectDieSides_3`, `EffectRealPointsPerLevel_1`, `EffectRealPointsPerLevel_2`, `EffectRealPointsPerLevel_3`, `EffectBasePoints_1`, `EffectBasePoints_2`, `EffectBasePoints_3`, `EffectMechanic_1`, `EffectMechanic_2`, `EffectMechanic_3`, `ImplicitTargetA_1`, `ImplicitTargetA_2`, `ImplicitTargetA_3`, `ImplicitTargetB_1`, `ImplicitTargetB_2`, `ImplicitTargetB_3`, `EffectRadiusIndex_1`, `EffectRadiusIndex_2`, `EffectRadiusIndex_3`, `EffectAura_1`, `EffectAura_2`, `EffectAura_3`, `EffectAuraPeriod_1`, `EffectAuraPeriod_2`, `EffectAuraPeriod_3`, `EffectMultipleValue_1`, `EffectMultipleValue_2`, `EffectMultipleValue_3`, `EffectChainTargets_1`, `EffectChainTargets_2`, `EffectChainTargets_3`, `EffectItemType_1`, `EffectItemType_2`, `EffectItemType_3`, `EffectMiscValue_1`, `EffectMiscValue_2`, `EffectMiscValue_3`, `EffectMiscValueB_1`, `EffectMiscValueB_2`, `EffectMiscValueB_3`, `EffectTriggerSpell_1`, `EffectTriggerSpell_2`, `EffectTriggerSpell_3`, `EffectPointsPerCombo_1`, `EffectPointsPerCombo_2`, `EffectPointsPerCombo_3`, `EffectSpellClassMaskA_1`, `EffectSpellClassMaskA_2`, `EffectSpellClassMaskA_3`, `EffectSpellClassMaskB_1`, `EffectSpellClassMaskB_2`, `EffectSpellClassMaskB_3`, `EffectSpellClassMaskC_1`, `EffectSpellClassMaskC_2`, `EffectSpellClassMaskC_3`, `SpellVisualID_1`, `SpellVisualID_2`, `SpellIconID`, `ActiveIconID`, `SpellPriority`, `Name_Lang_enUS`, `Name_Lang_enGB`, `Name_Lang_koKR`, `Name_Lang_frFR`, `Name_Lang_deDE`, `Name_Lang_enCN`, `Name_Lang_zhCN`, `Name_Lang_enTW`, `Name_Lang_zhTW`, `Name_Lang_esES`, `Name_Lang_esMX`, `Name_Lang_ruRU`, `Name_Lang_ptPT`, `Name_Lang_ptBR`, `Name_Lang_itIT`, `Name_Lang_Unk`, `Name_Lang_Mask`, `NameSubtext_Lang_enUS`, `NameSubtext_Lang_enGB`, `NameSubtext_Lang_koKR`, `NameSubtext_Lang_frFR`, `NameSubtext_Lang_deDE`, `NameSubtext_Lang_enCN`, `NameSubtext_Lang_zhCN`, `NameSubtext_Lang_enTW`, `NameSubtext_Lang_zhTW`, `NameSubtext_Lang_esES`, `NameSubtext_Lang_esMX`, `NameSubtext_Lang_ruRU`, `NameSubtext_Lang_ptPT`, `NameSubtext_Lang_ptBR`, `NameSubtext_Lang_itIT`, `NameSubtext_Lang_Unk`, `NameSubtext_Lang_Mask`, `Description_Lang_enUS`, `Description_Lang_enGB`, `Description_Lang_koKR`, `Description_Lang_frFR`, `Description_Lang_deDE`, `Description_Lang_enCN`, `Description_Lang_zhCN`, `Description_Lang_enTW`, `Description_Lang_zhTW`, `Description_Lang_esES`, `Description_Lang_esMX`, `Description_Lang_ruRU`, `Description_Lang_ptPT`, `Description_Lang_ptBR`, `Description_Lang_itIT`, `Description_Lang_Unk`, `Description_Lang_Mask`, `AuraDescription_Lang_enUS`, `AuraDescription_Lang_enGB`, `AuraDescription_Lang_koKR`, `AuraDescription_Lang_frFR`, `AuraDescription_Lang_deDE`, `AuraDescription_Lang_enCN`, `AuraDescription_Lang_zhCN`, `AuraDescription_Lang_enTW`, `AuraDescription_Lang_zhTW`, `AuraDescription_Lang_esES`, `AuraDescription_Lang_esMX`, `AuraDescription_Lang_ruRU`, `AuraDescription_Lang_ptPT`, `AuraDescription_Lang_ptBR`, `AuraDescription_Lang_itIT`, `AuraDescription_Lang_Unk`, `AuraDescription_Lang_Mask`, `ManaCostPct`, `StartRecoveryCategory`, `StartRecoveryTime`, `MaxTargetLevel`, `SpellClassSet`, `SpellClassMask_1`, `SpellClassMask_2`, `SpellClassMask_3`, `MaxTargets`, `DefenseType`, `PreventionType`, `StanceBarOrder`, `EffectChainAmplitude_1`, `EffectChainAmplitude_2`, `EffectChainAmplitude_3`, `MinFactionID`, `MinReputation`, `RequiredAuraVision`, `RequiredTotemCategoryID_1`, `RequiredTotemCategoryID_2`, `RequiredAreasID`, `SchoolMask`, `RuneCostID`, `SpellMissileID`, `PowerDisplayID`, `EffectBonusMultiplier_1`, `EffectBonusMultiplier_2`, `EffectBonusMultiplier_3`, `SpellDescriptionVariableID`, `SpellDifficultyID`) VALUES
(200002, 0, 0, 0, 256, 0, 0, 0, 0, 0, 0, 0, 0, 0, 0, 0, 0, 0, 0, 0, 0, 0, 0, 0, 0, 0, 0, 0, 0, 0, 0, 0, 0, 0, 0, 0, 0, 0, 0, 0, 9, 0, 0, 0, 0, 0, 0, 0, 0, 0, 0, 0, 0, 0, 0, 0, 0, 0, 0, 0, 0, 0, 0, 0, 0, 0, 0, 0, -1, 0, 0, 27, 0, 0, 0, 0, 0, 0, 0, 0, -25, 0, 0, 0, 0, 0, 18, 0, 0, 31, 0, 0, 11, 0, 0, 136, 0, 0, 0, 0, 0, 0, 0, 0, 0, 0, 0, 0, 0, 0, 0, 0, 0, 0, 0, 0, 0, 0, 0, 0, 0, 0, 0, 0, 0, 0, 0, 0, 0, 0, 0, 0, 0, 0, 0, 0, 'Healing Reduce (-25%)', '', '', '', '', '', '', '', '', '', '', '', '', '', '', '', 0, '', '', '', '', '', '', '', '', '', '', '', '', '', '', '', '', 0, '', '', '', '', '', '', '', '', '', '', '', '', '', '', '', '', 0, '', '', '', '', '', '', '', '', '', '', '', '', '', '', '', '', 0, 0, 0, 0, 0, 0, 0, 0, 0, 0, 0, 0, 0, 0, 0, 0, 0, 0, 0, 0, 0, 0, 0, 0, 0, 0, 0, 0, 0, 0, 0);

-- heal npc (-25%)
DELETE FROM `creature_template` WHERE (`entry` = 59997);
INSERT INTO `creature_template` (`entry`, `difficulty_entry_1`, `difficulty_entry_2`, `difficulty_entry_3`, `KillCredit1`, `KillCredit2`, `modelid1`, `modelid2`, `modelid3`, `modelid4`, `name`, `subname`, `IconName`, `gossip_menu_id`, `minlevel`, `maxlevel`, `exp`, `faction`, `npcflag`, `speed_walk`, `speed_run`, `speed_swim`, `speed_flight`, `detection_range`, `scale`, `rank`, `dmgschool`, `DamageModifier`, `BaseAttackTime`, `RangeAttackTime`, `BaseVariance`, `RangeVariance`, `unit_class`, `unit_flags`, `unit_flags2`, `dynamicflags`, `family`, `trainer_type`, `trainer_spell`, `trainer_class`, `trainer_race`, `type`, `type_flags`, `lootid`, `pickpocketloot`, `skinloot`, `PetSpellDataId`, `VehicleId`, `mingold`, `maxgold`, `AIName`, `MovementType`, `HoverHeight`, `HealthModifier`, `ManaModifier`, `ArmorModifier`, `ExperienceModifier`, `RacialLeader`, `movementId`, `RegenHealth`, `mechanic_immune_mask`, `spell_school_immune_mask`, `flags_extra`, `ScriptName`, `VerifiedBuild`) VALUES
(59997, 0, 0, 0, 0, 0, 169, 0, 0, 0, 'Player Healing Reduce (25%)', '', '', 0, 1, 1, 0, 35, 0, 1, 1.14286, 1, 1, 1, 1, 0, 0, 1, 0, 0, 0, 0, 1, 768, 0, 0, 0, 0, 0, 0, 0, 0, 0, 0, 0, 0, 0, 0, 0, 0, 'SmartAI', 0, 1, 1, 1, 1, 1, 0, 0, 1, 0, 0, 130, '', 0);

DELETE FROM `creature` WHERE (`id1` = 59997);
INSERT INTO `creature` (`guid`, `id1`, `id2`, `id3`, `map`, `zoneId`, `areaId`, `spawnMask`, `phaseMask`, `equipment_id`, `position_x`, `position_y`, `position_z`, `orientation`, `spawntimesecs`, `wander_distance`, `currentwaypoint`, `curhealth`, `curmana`, `MovementType`, `npcflag`, `unit_flags`, `dynamicflags`, `ScriptName`, `VerifiedBuild`, `CreateObject`, `Comment`) VALUES
(3110435, 59997, 0, 0, 1, 0, 0, 1, 1, 0, 2178.22, -4764.79, 55.1381, 1.12705, 300, 0, 0, 42, 0, 0, 0, 33554432, 0, '', NULL, 0, NULL);

DELETE FROM `smart_scripts` WHERE (`source_type` = 0 AND `entryorguid` = 59997);
INSERT INTO `smart_scripts` (`entryorguid`, `source_type`, `id`, `link`, `event_type`, `event_phase_mask`, `event_chance`, `event_flags`, `event_param1`, `event_param2`, `event_param3`, `event_param4`, `event_param5`, `event_param6`, `action_type`, `action_param1`, `action_param2`, `action_param3`, `action_param4`, `action_param5`, `action_param6`, `target_type`, `target_param1`, `target_param2`, `target_param3`, `target_param4`, `target_x`, `target_y`, `target_z`, `target_o`, `comment`) VALUES
(59997, 0, 0, 0, 60, 0, 100, 0, 0, 0, 29000, 29000, 0, 0, 11, 200002, 2, 0, 0, 0, 0, 1, 0, 0, 0, 0, 0, 0, 0, 0, 'Player Healing Reduce (25%) - On Update - Cast \'-25% healing reduction\'');

-- Resurect
DELETE FROM `spell_dbc` WHERE (`ID` = 200003);
INSERT INTO `spell_dbc` (`ID`, `Category`, `DispelType`, `Mechanic`, `Attributes`, `AttributesEx`, `AttributesEx2`, `AttributesEx3`, `AttributesEx4`, `AttributesEx5`, `AttributesEx6`, `AttributesEx7`, `ShapeshiftMask`, `unk_320_2`, `ShapeshiftExclude`, `unk_320_3`, `Targets`, `TargetCreatureType`, `RequiresSpellFocus`, `FacingCasterFlags`, `CasterAuraState`, `TargetAuraState`, `ExcludeCasterAuraState`, `ExcludeTargetAuraState`, `CasterAuraSpell`, `TargetAuraSpell`, `ExcludeCasterAuraSpell`, `ExcludeTargetAuraSpell`, `CastingTimeIndex`, `RecoveryTime`, `CategoryRecoveryTime`, `InterruptFlags`, `AuraInterruptFlags`, `ChannelInterruptFlags`, `ProcTypeMask`, `ProcChance`, `ProcCharges`, `MaxLevel`, `BaseLevel`, `SpellLevel`, `DurationIndex`, `PowerType`, `ManaCost`, `ManaCostPerLevel`, `ManaPerSecond`, `ManaPerSecondPerLevel`, `RangeIndex`, `Speed`, `ModalNextSpell`, `CumulativeAura`, `Totem_1`, `Totem_2`, `Reagent_1`, `Reagent_2`, `Reagent_3`, `Reagent_4`, `Reagent_5`, `Reagent_6`, `Reagent_7`, `Reagent_8`, `ReagentCount_1`, `ReagentCount_2`, `ReagentCount_3`, `ReagentCount_4`, `ReagentCount_5`, `ReagentCount_6`, `ReagentCount_7`, `ReagentCount_8`, `EquippedItemClass`, `EquippedItemSubclass`, `EquippedItemInvTypes`, `Effect_1`, `Effect_2`, `Effect_3`, `EffectDieSides_1`, `EffectDieSides_2`, `EffectDieSides_3`, `EffectRealPointsPerLevel_1`, `EffectRealPointsPerLevel_2`, `EffectRealPointsPerLevel_3`, `EffectBasePoints_1`, `EffectBasePoints_2`, `EffectBasePoints_3`, `EffectMechanic_1`, `EffectMechanic_2`, `EffectMechanic_3`, `ImplicitTargetA_1`, `ImplicitTargetA_2`, `ImplicitTargetA_3`, `ImplicitTargetB_1`, `ImplicitTargetB_2`, `ImplicitTargetB_3`, `EffectRadiusIndex_1`, `EffectRadiusIndex_2`, `EffectRadiusIndex_3`, `EffectAura_1`, `EffectAura_2`, `EffectAura_3`, `EffectAuraPeriod_1`, `EffectAuraPeriod_2`, `EffectAuraPeriod_3`, `EffectMultipleValue_1`, `EffectMultipleValue_2`, `EffectMultipleValue_3`, `EffectChainTargets_1`, `EffectChainTargets_2`, `EffectChainTargets_3`, `EffectItemType_1`, `EffectItemType_2`, `EffectItemType_3`, `EffectMiscValue_1`, `EffectMiscValue_2`, `EffectMiscValue_3`, `EffectMiscValueB_1`, `EffectMiscValueB_2`, `EffectMiscValueB_3`, `EffectTriggerSpell_1`, `EffectTriggerSpell_2`, `EffectTriggerSpell_3`, `EffectPointsPerCombo_1`, `EffectPointsPerCombo_2`, `EffectPointsPerCombo_3`, `EffectSpellClassMaskA_1`, `EffectSpellClassMaskA_2`, `EffectSpellClassMaskA_3`, `EffectSpellClassMaskB_1`, `EffectSpellClassMaskB_2`, `EffectSpellClassMaskB_3`, `EffectSpellClassMaskC_1`, `EffectSpellClassMaskC_2`, `EffectSpellClassMaskC_3`, `SpellVisualID_1`, `SpellVisualID_2`, `SpellIconID`, `ActiveIconID`, `SpellPriority`, `Name_Lang_enUS`, `Name_Lang_enGB`, `Name_Lang_koKR`, `Name_Lang_frFR`, `Name_Lang_deDE`, `Name_Lang_enCN`, `Name_Lang_zhCN`, `Name_Lang_enTW`, `Name_Lang_zhTW`, `Name_Lang_esES`, `Name_Lang_esMX`, `Name_Lang_ruRU`, `Name_Lang_ptPT`, `Name_Lang_ptBR`, `Name_Lang_itIT`, `Name_Lang_Unk`, `Name_Lang_Mask`, `NameSubtext_Lang_enUS`, `NameSubtext_Lang_enGB`, `NameSubtext_Lang_koKR`, `NameSubtext_Lang_frFR`, `NameSubtext_Lang_deDE`, `NameSubtext_Lang_enCN`, `NameSubtext_Lang_zhCN`, `NameSubtext_Lang_enTW`, `NameSubtext_Lang_zhTW`, `NameSubtext_Lang_esES`, `NameSubtext_Lang_esMX`, `NameSubtext_Lang_ruRU`, `NameSubtext_Lang_ptPT`, `NameSubtext_Lang_ptBR`, `NameSubtext_Lang_itIT`, `NameSubtext_Lang_Unk`, `NameSubtext_Lang_Mask`, `Description_Lang_enUS`, `Description_Lang_enGB`, `Description_Lang_koKR`, `Description_Lang_frFR`, `Description_Lang_deDE`, `Description_Lang_enCN`, `Description_Lang_zhCN`, `Description_Lang_enTW`, `Description_Lang_zhTW`, `Description_Lang_esES`, `Description_Lang_esMX`, `Description_Lang_ruRU`, `Description_Lang_ptPT`, `Description_Lang_ptBR`, `Description_Lang_itIT`, `Description_Lang_Unk`, `Description_Lang_Mask`, `AuraDescription_Lang_enUS`, `AuraDescription_Lang_enGB`, `AuraDescription_Lang_koKR`, `AuraDescription_Lang_frFR`, `AuraDescription_Lang_deDE`, `AuraDescription_Lang_enCN`, `AuraDescription_Lang_zhCN`, `AuraDescription_Lang_enTW`, `AuraDescription_Lang_zhTW`, `AuraDescription_Lang_esES`, `AuraDescription_Lang_esMX`, `AuraDescription_Lang_ruRU`, `AuraDescription_Lang_ptPT`, `AuraDescription_Lang_ptBR`, `AuraDescription_Lang_itIT`, `AuraDescription_Lang_Unk`, `AuraDescription_Lang_Mask`, `ManaCostPct`, `StartRecoveryCategory`, `StartRecoveryTime`, `MaxTargetLevel`, `SpellClassSet`, `SpellClassMask_1`, `SpellClassMask_2`, `SpellClassMask_3`, `MaxTargets`, `DefenseType`, `PreventionType`, `StanceBarOrder`, `EffectChainAmplitude_1`, `EffectChainAmplitude_2`, `EffectChainAmplitude_3`, `MinFactionID`, `MinReputation`, `RequiredAuraVision`, `RequiredTotemCategoryID_1`, `RequiredTotemCategoryID_2`, `RequiredAreasID`, `SchoolMask`, `RuneCostID`, `SpellMissileID`, `PowerDisplayID`, `EffectBonusMultiplier_1`, `EffectBonusMultiplier_2`, `EffectBonusMultiplier_3`, `SpellDescriptionVariableID`, `SpellDifficultyID`) VALUES
(200003, 0, 0, 0, 545259776, 136, 5, 269484032, 0, 72, 0, 0, 0, 0, 0, 0, 0, 0, 0, 0, 0, 0, 0, 0, 0, 0, 0, 0, 1, 0, 0, 0, 0, 0, 0, 101, 0, 0, 0, 0, 0, 0, 0, 0, 0, 0, 13, 0, 0, 0, 0, 0, 0, 0, 0, 0, 0, 0, 0, 0, 0, 0, 0, 0, 0, 0, 0, 0, -1, 0, 0, 18, 0, 0, 1, 0, 0, 0, 0, 0, 9, 0, 0, 0, 0, 0, 22, 0, 0, 7, 0, 0, 24, 0, 0, 0, 0, 0, 0, 0, 0, 0, 0, 0, 0, 0, 0, 0, 0, 0, 0, 0, 0, 0, 0, 0, 0, 0, 0, 0, 0, 0, 0, 0, 0, 0, 0, 0, 0, 0, 0, 0, 0, 177, 1711, 0, 'Mass Resurrect', '', '', '', '', '', '', '', '', '', '', '', '', '', '', '', 0, '', '', '', '', '', '', '', '', '', '', '', '', '', '', '', '', 0, '', '', '', '', '', '', '', '', '', '', '', '', '', '', '', '', 0, '', '', '', '', '', '', '', '', '', '', '', '', '', '', '', '', 0, 0, 0, 0, 0, 0, 0, 0, 0, 0, 0, 0, 0, 1, 0, 1, 0, 0, 0, 0, 0, 0, 1, 0, 0, 0, 0, 0, 0, 0, 0);

DELETE FROM `creature_template` WHERE (`entry` = 59996);
INSERT INTO `creature_template` (`entry`, `difficulty_entry_1`, `difficulty_entry_2`, `difficulty_entry_3`, `KillCredit1`, `KillCredit2`, `modelid1`, `modelid2`, `modelid3`, `modelid4`, `name`, `subname`, `IconName`, `gossip_menu_id`, `minlevel`, `maxlevel`, `exp`, `faction`, `npcflag`, `speed_walk`, `speed_run`, `speed_swim`, `speed_flight`, `detection_range`, `scale`, `rank`, `dmgschool`, `DamageModifier`, `BaseAttackTime`, `RangeAttackTime`, `BaseVariance`, `RangeVariance`, `unit_class`, `unit_flags`, `unit_flags2`, `dynamicflags`, `family`, `trainer_type`, `trainer_spell`, `trainer_class`, `trainer_race`, `type`, `type_flags`, `lootid`, `pickpocketloot`, `skinloot`, `PetSpellDataId`, `VehicleId`, `mingold`, `maxgold`, `AIName`, `MovementType`, `HoverHeight`, `HealthModifier`, `ManaModifier`, `ArmorModifier`, `ExperienceModifier`, `RacialLeader`, `movementId`, `RegenHealth`, `mechanic_immune_mask`, `spell_school_immune_mask`, `flags_extra`, `ScriptName`, `VerifiedBuild`) VALUES
(59996, 0, 0, 0, 0, 0, 3943, 0, 0, 0, 'Brawler\'s Medic', '', NULL, 0, 20, 20, 0, 35, 0, 1.2, 1.14286, 1, 1, 20, 1, 0, 0, 1, 2000, 2000, 1, 1, 1, 768, 2048, 0, 0, 0, 0, 0, 0, 7, 0, 0, 0, 0, 0, 0, 0, 0, 'SmartAI', 0, 1, 1, 1, 1, 1, 0, 0, 1, 0, 0, 2, '', 12340);

DELETE FROM `creature` WHERE (`id1` = 59996);
INSERT INTO `creature` (`guid`, `id1`, `id2`, `id3`, `map`, `zoneId`, `areaId`, `spawnMask`, `phaseMask`, `equipment_id`, `position_x`, `position_y`, `position_z`, `orientation`, `spawntimesecs`, `wander_distance`, `currentwaypoint`, `curhealth`, `curmana`, `MovementType`, `npcflag`, `unit_flags`, `dynamicflags`, `ScriptName`, `VerifiedBuild`, `CreateObject`, `Comment`) VALUES
(3110438, 59996, 0, 0, 1, 0, 0, 1, 1, 0, 2181.76, -4766.81, 55.1379, 2.48578, 300, 0, 0, 484, 0, 0, 0, 0, 0, '', NULL, 0, NULL);

DELETE FROM `smart_scripts` WHERE (`source_type` = 0 AND `entryorguid` = 59996);
INSERT INTO `smart_scripts` (`entryorguid`, `source_type`, `id`, `link`, `event_type`, `event_phase_mask`, `event_chance`, `event_flags`, `event_param1`, `event_param2`, `event_param3`, `event_param4`, `event_param5`, `event_param6`, `action_type`, `action_param1`, `action_param2`, `action_param3`, `action_param4`, `action_param5`, `action_param6`, `target_type`, `target_param1`, `target_param2`, `target_param3`, `target_param4`, `target_x`, `target_y`, `target_z`, `target_o`, `comment`) VALUES
(59996, 0, 0, 0, 60, 0, 100, 0, 30000, 30000, 30000, 30000, 0, 0, 11, 200003, 2, 0, 0, 0, 0, 1, 0, 0, 0, 0, 0, 0, 0, 0, 'Brawler\'s Medic - On Update - Cast \'Mass Resurrect\'');

-- other players detector
DELETE FROM `creature_template` WHERE (`entry` = 59995);
INSERT INTO `creature_template` (`entry`, `difficulty_entry_1`, `difficulty_entry_2`, `difficulty_entry_3`, `KillCredit1`, `KillCredit2`, `modelid1`, `modelid2`, `modelid3`, `modelid4`, `name`, `subname`, `IconName`, `gossip_menu_id`, `minlevel`, `maxlevel`, `exp`, `faction`, `npcflag`, `speed_walk`, `speed_run`, `speed_swim`, `speed_flight`, `detection_range`, `scale`, `rank`, `dmgschool`, `DamageModifier`, `BaseAttackTime`, `RangeAttackTime`, `BaseVariance`, `RangeVariance`, `unit_class`, `unit_flags`, `unit_flags2`, `dynamicflags`, `family`, `trainer_type`, `trainer_spell`, `trainer_class`, `trainer_race`, `type`, `type_flags`, `lootid`, `pickpocketloot`, `skinloot`, `PetSpellDataId`, `VehicleId`, `mingold`, `maxgold`, `AIName`, `MovementType`, `HoverHeight`, `HealthModifier`, `ManaModifier`, `ArmorModifier`, `ExperienceModifier`, `RacialLeader`, `movementId`, `RegenHealth`, `mechanic_immune_mask`, `spell_school_immune_mask`, `flags_extra`, `ScriptName`, `VerifiedBuild`) VALUES
(59995, 0, 0, 0, 0, 0, 169, 0, 0, 0, 'Other Players Detector', '', '', 0, 1, 1, 0, 35, 0, 1, 1.14286, 1, 1, 1, 1, 0, 0, 1, 0, 0, 0, 0, 1, 0, 0, 0, 0, 0, 0, 0, 0, 0, 0, 0, 0, 0, 0, 0, 0, 0, '', 0, 1, 1, 1, 1, 1, 0, 0, 1, 0, 0, 130, 'npc_other_players_detector', 0);

DELETE FROM `creature` WHERE (`id1` = 59995);
INSERT INTO `creature` (`guid`, `id1`, `id2`, `id3`, `map`, `zoneId`, `areaId`, `spawnMask`, `phaseMask`, `equipment_id`, `position_x`, `position_y`, `position_z`, `orientation`, `spawntimesecs`, `wander_distance`, `currentwaypoint`, `curhealth`, `curmana`, `MovementType`, `npcflag`, `unit_flags`, `dynamicflags`, `ScriptName`, `VerifiedBuild`, `CreateObject`, `Comment`) VALUES
(3110441, 59995, 0, 0, 1, 0, 0, 1, 1, 0, 2178.22, -4764.79, 55.1381, 0.942478, 300, 0, 0, 42, 0, 0, 0, 33554432, 0, '', NULL, 0, NULL);

-- arena spectators
DELETE FROM `creature_template` WHERE (`entry` = 59994);
INSERT INTO `creature_template` (`entry`, `difficulty_entry_1`, `difficulty_entry_2`, `difficulty_entry_3`, `KillCredit1`, `KillCredit2`, `modelid1`, `modelid2`, `modelid3`, `modelid4`, `name`, `subname`, `IconName`, `gossip_menu_id`, `minlevel`, `maxlevel`, `exp`, `faction`, `npcflag`, `speed_walk`, `speed_run`, `speed_swim`, `speed_flight`, `detection_range`, `scale`, `rank`, `dmgschool`, `DamageModifier`, `BaseAttackTime`, `RangeAttackTime`, `BaseVariance`, `RangeVariance`, `unit_class`, `unit_flags`, `unit_flags2`, `dynamicflags`, `family`, `trainer_type`, `trainer_spell`, `trainer_class`, `trainer_race`, `type`, `type_flags`, `lootid`, `pickpocketloot`, `skinloot`, `PetSpellDataId`, `VehicleId`, `mingold`, `maxgold`, `AIName`, `MovementType`, `HoverHeight`, `HealthModifier`, `ManaModifier`, `ArmorModifier`, `ExperienceModifier`, `RacialLeader`, `movementId`, `RegenHealth`, `mechanic_immune_mask`, `spell_school_immune_mask`, `flags_extra`, `ScriptName`, `VerifiedBuild`) VALUES
(59994, 0, 0, 0, 0, 0, 9069, 9070, 9071, 9072, 'Arena Spectator', NULL, NULL, 0, 70, 80, 0, 35, 0, 1, 1, 1, 1, 1, 1, 0, 0, 1, 2000, 2000, 1, 1, 2, 0, 2048, 0, 0, 0, 0, 0, 0, 7, 0, 0, 0, 0, 0, 0, 0, 0, 'SmartAI', 0, 1, 1, 1, 1, 1, 0, 0, 1, 0, 0, 2, '', 12340);
DELETE FROM `smart_scripts` WHERE (`source_type` = 0 AND `entryorguid` = 59994);
INSERT INTO `smart_scripts` (`entryorguid`, `source_type`, `id`, `link`, `event_type`, `event_phase_mask`, `event_chance`, `event_flags`, `event_param1`, `event_param2`, `event_param3`, `event_param4`, `event_param5`, `event_param6`, `action_type`, `action_param1`, `action_param2`, `action_param3`, `action_param4`, `action_param5`, `action_param6`, `target_type`, `target_param1`, `target_param2`, `target_param3`, `target_param4`, `target_x`, `target_y`, `target_z`, `target_o`, `comment`) VALUES
(59994, 0, 0, 0, 11, 0, 50, 0, 0, 0, 0, 0, 0, 0, 90, 1, 0, 0, 0, 0, 0, 1, 0, 0, 0, 0, 0, 0, 0, 0, 'Arena Spectator - On Respawn - Set Flag Standstate Sit Down'),
(59994, 0, 1, 2, 1, 0, 50, 0, 10000, 30000, 10000, 30000, 0, 0, 10, 22, 4, 5, 11, 21, 25, 1, 0, 0, 0, 0, 0, 0, 0, 0, 'Arena Spectator - Out of Combat - Play Random Emote'),
(59994, 0, 2, 0, 61, 0, 50, 0, 0, 0, 0, 0, 0, 0, 91, 1, 0, 0, 0, 0, 0, 1, 0, 0, 0, 0, 0, 0, 0, 0, 'Arena Spectator - Out of Combat - Remove FlagStandstate Sit Down'),
(59994, 0, 3, 0, 1, 0, 50, 0, 30000, 50000, 30000, 50000, 0, 0, 90, 1, 0, 0, 0, 0, 0, 1, 0, 0, 0, 0, 0, 0, 0, 0, 'Arena Spectator - Out of Combat - Set Flag Standstate Sit Down');
DELETE FROM `creature` WHERE (`id1` = 59994);
INSERT INTO `creature` (`guid`, `id1`, `id2`, `id3`, `map`, `zoneId`, `areaId`, `spawnMask`, `phaseMask`, `equipment_id`, `position_x`, `position_y`, `position_z`, `orientation`, `spawntimesecs`, `wander_distance`, `currentwaypoint`, `curhealth`, `curmana`, `MovementType`, `npcflag`, `unit_flags`, `dynamicflags`, `ScriptName`, `VerifiedBuild`, `CreateObject`, `Comment`) VALUES
(3110444, 59994, 0, 0, 1, 0, 0, 1, 1, 0, 2187.68, -4799.1, 69.2771, 1.83551, 300, 0, 0, 4042, 3809, 0, 0, 0, 0, '', NULL, 0, NULL),
(3110445, 59994, 0, 0, 1, 0, 0, 1, 1, 0, 2191.09, -4801.61, 71.7994, 1.9219, 300, 0, 0, 4042, 3809, 0, 0, 0, 0, '', NULL, 0, NULL),
(3110446, 59994, 0, 0, 1, 0, 0, 1, 1, 0, 2195.24, -4800.17, 71.9483, 1.92976, 300, 0, 0, 3722, 3561, 0, 0, 0, 0, '', NULL, 0, NULL),
(3110447, 59994, 0, 0, 1, 0, 0, 1, 1, 0, 2195.05, -4796.63, 69.5951, 1.96903, 300, 0, 0, 3422, 3309, 0, 0, 0, 0, '', NULL, 0, NULL),
(3110448, 59994, 0, 0, 1, 0, 0, 1, 1, 0, 2153.2, -4791.66, 70.2852, 0.790929, 300, 0, 0, 3240, 3155, 0, 0, 0, 0, '', NULL, 0, NULL),
(3110449, 59994, 0, 0, 1, 0, 0, 1, 1, 0, 2145.96, -4786.94, 72.0682, 0.790929, 300, 0, 0, 3722, 3561, 0, 0, 0, 0, '', NULL, 0, NULL),
(3110450, 59994, 0, 0, 1, 0, 0, 1, 1, 0, 2138.08, -4774.16, 72.8311, 0.115486, 300, 0, 0, 4155, 3893, 0, 0, 0, 0, '', NULL, 0, NULL),
(3110451, 59994, 0, 0, 1, 0, 0, 1, 1, 0, 2148.36, -4741.24, 71.4997, 5.72323, 300, 0, 0, 4155, 3893, 0, 0, 0, 0, '', NULL, 0, NULL),
(3110452, 59994, 0, 0, 1, 0, 0, 1, 1, 0, 2142, -4756.69, 70.2852, 5.99026, 300, 0, 0, 3933, 3725, 0, 0, 0, 0, '', NULL, 0, NULL),
(3110453, 59994, 0, 0, 1, 0, 0, 1, 1, 0, 2174.18, -4723.97, 72.8293, 4.67865, 300, 0, 0, 3933, 3725, 0, 0, 0, 0, '', NULL, 0, NULL),
(3110454, 59994, 0, 0, 1, 0, 0, 1, 1, 0, 2184.07, -4727.8, 70.8666, 4.45481, 300, 0, 0, 3240, 3155, 0, 0, 0, 0, '', NULL, 0, NULL),
(3110455, 59994, 0, 0, 1, 0, 0, 1, 1, 0, 2185.48, -4728.08, 70.9617, 4.3959, 300, 0, 0, 3519, 3387, 0, 0, 0, 0, '', NULL, 0, NULL),
(3110456, 59994, 0, 0, 1, 0, 0, 1, 1, 0, 2209.51, -4743.88, 70.2847, 3.8422, 300, 0, 0, 3519, 3387, 0, 0, 0, 0, '', NULL, 0, NULL),
(3110457, 59994, 0, 0, 1, 0, 0, 1, 1, 0, 2212.99, -4758.6, 69.1504, 3.29635, 300, 0, 0, 3933, 3725, 0, 0, 0, 0, '', NULL, 0, NULL),
(3110458, 59994, 0, 0, 1, 0, 0, 1, 1, 0, 2217.33, -4767.35, 71.7272, 3.15105, 300, 0, 0, 4274, 3994, 0, 0, 0, 0, '', NULL, 0, NULL);
DELETE FROM `creature_template` WHERE (`entry` = 59993);
INSERT INTO `creature_template` (`entry`, `difficulty_entry_1`, `difficulty_entry_2`, `difficulty_entry_3`, `KillCredit1`, `KillCredit2`, `modelid1`, `modelid2`, `modelid3`, `modelid4`, `name`, `subname`, `IconName`, `gossip_menu_id`, `minlevel`, `maxlevel`, `exp`, `faction`, `npcflag`, `speed_walk`, `speed_run`, `speed_swim`, `speed_flight`, `detection_range`, `scale`, `rank`, `dmgschool`, `DamageModifier`, `BaseAttackTime`, `RangeAttackTime`, `BaseVariance`, `RangeVariance`, `unit_class`, `unit_flags`, `unit_flags2`, `dynamicflags`, `family`, `trainer_type`, `trainer_spell`, `trainer_class`, `trainer_race`, `type`, `type_flags`, `lootid`, `pickpocketloot`, `skinloot`, `PetSpellDataId`, `VehicleId`, `mingold`, `maxgold`, `AIName`, `MovementType`, `HoverHeight`, `HealthModifier`, `ManaModifier`, `ArmorModifier`, `ExperienceModifier`, `RacialLeader`, `movementId`, `RegenHealth`, `mechanic_immune_mask`, `spell_school_immune_mask`, `flags_extra`, `ScriptName`, `VerifiedBuild`) VALUES
(59993, 0, 0, 0, 0, 0, 29572, 29579, 25431, 2860, 'Arena Spectator', NULL, NULL, 0, 70, 80, 0, 35, 0, 1, 1, 1, 1, 1, 1, 0, 0, 1, 2000, 2000, 1, 1, 2, 0, 2048, 0, 0, 0, 0, 0, 0, 7, 0, 0, 0, 0, 0, 0, 0, 0, 'SmartAI', 0, 1, 1, 1, 1, 1, 0, 0, 1, 0, 0, 2, '', 12340);
DELETE FROM `smart_scripts` WHERE (`source_type` = 0 AND `entryorguid` = 59993);
INSERT INTO `smart_scripts` (`entryorguid`, `source_type`, `id`, `link`, `event_type`, `event_phase_mask`, `event_chance`, `event_flags`, `event_param1`, `event_param2`, `event_param3`, `event_param4`, `event_param5`, `event_param6`, `action_type`, `action_param1`, `action_param2`, `action_param3`, `action_param4`, `action_param5`, `action_param6`, `target_type`, `target_param1`, `target_param2`, `target_param3`, `target_param4`, `target_x`, `target_y`, `target_z`, `target_o`, `comment`) VALUES
(59993, 0, 0, 0, 11, 0, 50, 0, 0, 0, 0, 0, 0, 0, 90, 1, 0, 0, 0, 0, 0, 1, 0, 0, 0, 0, 0, 0, 0, 0, 'Arena Spectator - On Respawn - Set Flag Standstate Sit Down'),
(59993, 0, 1, 2, 1, 0, 50, 0, 10000, 30000, 10000, 30000, 0, 0, 10, 22, 4, 5, 11, 21, 25, 1, 0, 0, 0, 0, 0, 0, 0, 0, 'Arena Spectator - Out of Combat - Play Random Emote'),
(59993, 0, 2, 0, 61, 0, 50, 0, 0, 0, 0, 0, 0, 0, 91, 1, 0, 0, 0, 0, 0, 1, 0, 0, 0, 0, 0, 0, 0, 0, 'Arena Spectator - Out of Combat - Remove FlagStandstate Sit Down'),
(59993, 0, 3, 0, 1, 0, 50, 0, 30000, 50000, 30000, 50000, 0, 0, 90, 1, 0, 0, 0, 0, 0, 1, 0, 0, 0, 0, 0, 0, 0, 0, 'Arena Spectator - Out of Combat - Set Flag Standstate Sit Down');
DELETE FROM `creature` WHERE (`id1` = 59993);
INSERT INTO `creature` (`guid`, `id1`, `id2`, `id3`, `map`, `zoneId`, `areaId`, `spawnMask`, `phaseMask`, `equipment_id`, `position_x`, `position_y`, `position_z`, `orientation`, `spawntimesecs`, `wander_distance`, `currentwaypoint`, `curhealth`, `curmana`, `MovementType`, `npcflag`, `unit_flags`, `dynamicflags`, `ScriptName`, `VerifiedBuild`, `CreateObject`, `Comment`) VALUES
(3110461, 59993, 0, 0, 1, 0, 0, 1, 1, 0, 2190.74, -4800.09, 70.7193, 2.03971, 300, 0, 0, 3240, 3155, 0, 0, 0, 0, '', NULL, 0, NULL),
(3110462, 59993, 0, 0, 1, 0, 0, 1, 1, 0, 2165.96, -4800.58, 70.2852, 1.2229, 300, 0, 0, 4155, 3893, 0, 0, 0, 0, '', NULL, 0, NULL),
(3110463, 59993, 0, 0, 1, 0, 0, 1, 1, 0, 2158.61, -4800.81, 72.8294, 1.01869, 300, 0, 0, 3422, 3309, 0, 0, 0, 0, '', NULL, 0, NULL),
(3110464, 59993, 0, 0, 1, 0, 0, 1, 1, 0, 2150.26, -4791.61, 71.8545, 0.73595, 300, 0, 0, 3519, 3387, 0, 0, 0, 0, '', NULL, 0, NULL),
(3110465, 59993, 0, 0, 1, 0, 0, 1, 1, 0, 2150.21, -4786.92, 69.7826, 0.767366, 300, 0, 0, 4274, 3994, 0, 0, 0, 0, '', NULL, 0, NULL),
(3110466, 59993, 0, 0, 1, 0, 0, 1, 1, 0, 2143.42, -4777.62, 70.2849, 0.374666, 300, 0, 0, 3422, 3309, 0, 0, 0, 0, '', NULL, 0, NULL),
(3110467, 59993, 0, 0, 1, 0, 0, 1, 1, 0, 2143.52, -4747.77, 71.9087, 5.80962, 300, 0, 0, 3519, 3387, 0, 0, 0, 0, '', NULL, 0, NULL),
(3110468, 59993, 0, 0, 1, 0, 0, 1, 1, 0, 2147.19, -4746.18, 70.2849, 5.80962, 300, 0, 0, 3722, 3561, 0, 0, 0, 0, '', NULL, 0, NULL),
(3110469, 59993, 0, 0, 1, 0, 0, 1, 1, 0, 2150.17, -4743.57, 69.564, 5.80962, 300, 0, 0, 3422, 3309, 0, 0, 0, 0, '', NULL, 0, NULL),
(3110470, 59993, 0, 0, 1, 0, 0, 1, 1, 0, 2158.69, -4728.57, 72.8306, 5.05564, 300, 0, 0, 3240, 3155, 0, 0, 0, 0, '', NULL, 0, NULL),
(3110471, 59993, 0, 0, 1, 0, 0, 1, 1, 0, 2167.72, -4729.34, 70.2861, 4.98888, 300, 0, 0, 3825, 3643, 0, 0, 0, 0, '', NULL, 0, NULL),
(3110472, 59993, 0, 0, 1, 0, 0, 1, 1, 0, 2190.43, -4731.62, 69.5029, 4.52549, 300, 0, 0, 4155, 3893, 0, 0, 0, 0, '', NULL, 0, NULL),
(3110473, 59993, 0, 0, 1, 0, 0, 1, 1, 0, 2203.03, -4732.09, 72.8298, 4.12494, 300, 0, 0, 4274, 3994, 0, 0, 0, 0, '', NULL, 0, NULL),
(3110474, 59993, 0, 0, 1, 0, 0, 1, 1, 0, 2215.83, -4747.27, 72.8298, 3.59087, 300, 0, 0, 3519, 3387, 0, 0, 0, 0, '', NULL, 0, NULL),
(3110475, 59993, 0, 0, 1, 0, 0, 1, 1, 0, 2213.75, -4762.85, 69.425, 3.33954, 300, 0, 0, 3519, 3387, 0, 0, 0, 0, '', NULL, 0, NULL);

-- Goblin firework tonk
DELETE FROM `creature_template` WHERE (`entry` = 59992);
INSERT INTO `creature_template` (`entry`, `difficulty_entry_1`, `difficulty_entry_2`, `difficulty_entry_3`, `KillCredit1`, `KillCredit2`, `modelid1`, `modelid2`, `modelid3`, `modelid4`, `name`, `subname`, `IconName`, `gossip_menu_id`, `minlevel`, `maxlevel`, `exp`, `faction`, `npcflag`, `speed_walk`, `speed_run`, `speed_swim`, `speed_flight`, `detection_range`, `scale`, `rank`, `dmgschool`, `DamageModifier`, `BaseAttackTime`, `RangeAttackTime`, `BaseVariance`, `RangeVariance`, `unit_class`, `unit_flags`, `unit_flags2`, `dynamicflags`, `family`, `trainer_type`, `trainer_spell`, `trainer_class`, `trainer_race`, `type`, `type_flags`, `lootid`, `pickpocketloot`, `skinloot`, `PetSpellDataId`, `VehicleId`, `mingold`, `maxgold`, `AIName`, `MovementType`, `HoverHeight`, `HealthModifier`, `ManaModifier`, `ArmorModifier`, `ExperienceModifier`, `RacialLeader`, `movementId`, `RegenHealth`, `mechanic_immune_mask`, `spell_school_immune_mask`, `flags_extra`, `ScriptName`, `VerifiedBuild`) VALUES
(59992, 0, 0, 0, 0, 0, 15381, 0, 0, 0, 'Goblin Firework Tonk', '', NULL, 0, 1, 1, 0, 35, 0, 1, 1, 1, 1, 1, 1, 0, 0, 1, 2000, 2000, 1, 1, 2, 0, 0, 0, 0, 0, 0, 0, 0, 9, 1048576, 0, 0, 0, 0, 0, 0, 0, 'SmartAI', 0, 1, 1, 1, 1, 1, 0, 0, 1, 0, 0, 2, '', 12340);
DELETE FROM `creature` WHERE (`id1` = 59992);
INSERT INTO `creature` (`guid`, `id1`, `id2`, `id3`, `map`, `zoneId`, `areaId`, `spawnMask`, `phaseMask`, `equipment_id`, `position_x`, `position_y`, `position_z`, `orientation`, `spawntimesecs`, `wander_distance`, `currentwaypoint`, `curhealth`, `curmana`, `MovementType`, `npcflag`, `unit_flags`, `dynamicflags`, `ScriptName`, `VerifiedBuild`, `CreateObject`, `Comment`) VALUES
(3110478, 59992, 0, 0, 1, 0, 0, 1, 1, 0, 2203.25, -4762.87, 60.7895, 3.27511, 300, 0, 0, 41, 60, 0, 0, 0, 0, '', NULL, 0, NULL),
(3110479, 59992, 0, 0, 1, 0, 0, 1, 1, 0, 2188.07, -4787.94, 60.7898, 1.95957, 300, 0, 0, 41, 60, 0, 0, 0, 0, '', NULL, 0, NULL),
(3110482, 59992, 0, 0, 1, 0, 0, 1, 1, 0, 2184.3, -4740.96, 60.7894, 4.48462, 300, 0, 0, 41, 60, 0, 0, 0, 0, '', NULL, 0, NULL),
(3110483, 59992, 0, 0, 1, 0, 0, 1, 1, 0, 2157.35, -4752.09, 60.7901, 5.72555, 300, 0, 0, 41, 60, 0, 0, 0, 0, '', NULL, 0, NULL),
(3110484, 59992, 0, 0, 1, 0, 0, 1, 1, 0, 2159.7, -4781.09, 60.7898, 0.753985, 300, 0, 0, 41, 60, 0, 0, 0, 0, '', NULL, 0, NULL);
DELETE FROM `smart_scripts` WHERE (`source_type` = 0 AND `entryorguid` = 59992);
INSERT INTO `smart_scripts` (`entryorguid`, `source_type`, `id`, `link`, `event_type`, `event_phase_mask`, `event_chance`, `event_flags`, `event_param1`, `event_param2`, `event_param3`, `event_param4`, `event_param5`, `event_param6`, `action_type`, `action_param1`, `action_param2`, `action_param3`, `action_param4`, `action_param5`, `action_param6`, `target_type`, `target_param1`, `target_param2`, `target_param3`, `target_param4`, `target_x`, `target_y`, `target_z`, `target_o`, `comment`) VALUES
(59992, 0, 0, 0, 38, 0, 100, 0, 1, 1, 0, 0, 0, 0, 11, 11543, 0, 0, 0, 0, 0, 1, 0, 0, 0, 0, 0, 0, 0, 0, 'Goblin Firework Tonk - On Data Set 1 1 - Cast \'Red, White and Blue Firework\'');

-- arena annnouncer
DELETE FROM `creature_template` WHERE (`entry` = 59991);
INSERT INTO `creature_template` (`entry`, `difficulty_entry_1`, `difficulty_entry_2`, `difficulty_entry_3`, `KillCredit1`, `KillCredit2`, `modelid1`, `modelid2`, `modelid3`, `modelid4`, `name`, `subname`, `IconName`, `gossip_menu_id`, `minlevel`, `maxlevel`, `exp`, `faction`, `npcflag`, `speed_walk`, `speed_run`, `speed_swim`, `speed_flight`, `detection_range`, `scale`, `rank`, `dmgschool`, `DamageModifier`, `BaseAttackTime`, `RangeAttackTime`, `BaseVariance`, `RangeVariance`, `unit_class`, `unit_flags`, `unit_flags2`, `dynamicflags`, `family`, `trainer_type`, `trainer_spell`, `trainer_class`, `trainer_race`, `type`, `type_flags`, `lootid`, `pickpocketloot`, `skinloot`, `PetSpellDataId`, `VehicleId`, `mingold`, `maxgold`, `AIName`, `MovementType`, `HoverHeight`, `HealthModifier`, `ManaModifier`, `ArmorModifier`, `ExperienceModifier`, `RacialLeader`, `movementId`, `RegenHealth`, `mechanic_immune_mask`, `spell_school_immune_mask`, `flags_extra`, `ScriptName`, `VerifiedBuild`) VALUES
(59991, 0, 0, 0, 0, 0, 17192, 0, 0, 0, 'Jesse', '', NULL, 0, 1, 1, 0, 35, 0, 1, 1, 1, 1, 1, 1.5, 0, 0, 1, 2000, 2000, 1, 1, 1, 33554432, 0, 0, 0, 0, 0, 0, 0, 9, 1048576, 0, 0, 0, 0, 0, 0, 0, '', 0, 1, 1, 1, 1, 1, 0, 100, 1, 0, 0, 2, 'npc_arena_announcer', 12340);
DELETE FROM `creature_template_addon` WHERE (`entry` = 59991);
INSERT INTO `creature_template_addon` (`entry`, `path_id`, `mount`, `bytes1`, `bytes2`, `emote`, `visibilityDistanceType`, `auras`) VALUES
(59991, 5999100, 0, 0, 0, 0, 0, '');
DELETE FROM `creature` WHERE (`id1` = 59991);
INSERT INTO `creature` (`guid`, `id1`, `id2`, `id3`, `map`, `zoneId`, `areaId`, `spawnMask`, `phaseMask`, `equipment_id`, `position_x`, `position_y`, `position_z`, `orientation`, `spawntimesecs`, `wander_distance`, `currentwaypoint`, `curhealth`, `curmana`, `MovementType`, `npcflag`, `unit_flags`, `dynamicflags`, `ScriptName`, `VerifiedBuild`, `CreateObject`, `Comment`) VALUES
(3110485, 59991, 0, 0, 1, 0, 0, 1, 1, 0, 2197.32, -4766.33, 75, 2.05853, 120, 0, 0, 1, 0, 2, 0, 0, 0, '', 0, 0, NULL);
DELETE FROM `waypoint_data` WHERE `id`=5999100;
INSERT INTO `waypoint_data` (`id`, `point`, `position_x`, `position_y`, `position_z`, `orientation`, `delay`, `move_type`, `action`, `action_chance`, `wpguid`) VALUES
(5999100, 1, 2197.32, -4766.33, 75, 2.05853, 0, 0, 0, 100, 0),
(5999100, 2, 2184.99, -4747.26, 75, 2.8832, 0, 0, 0, 100, 0),
(5999100, 3, 2162.1, -4753.4, 75, 4.06915, 0, 0, 0, 100, 0),
(5999100, 4, 2163.26, -4777.66, 75, 5.41925, 0, 0, 0, 100, 0),
(5999100, 5, 2186, -4784.54, 75, 0.56549, 0, 0, 0, 100, 0);

-- massive crash
DELETE FROM `spell_dbc` WHERE (`ID` = 200004);
INSERT INTO `spell_dbc` (`ID`, `Category`, `DispelType`, `Mechanic`, `Attributes`, `AttributesEx`, `AttributesEx2`, `AttributesEx3`, `AttributesEx4`, `AttributesEx5`, `AttributesEx6`, `AttributesEx7`, `ShapeshiftMask`, `unk_320_2`, `ShapeshiftExclude`, `unk_320_3`, `Targets`, `TargetCreatureType`, `RequiresSpellFocus`, `FacingCasterFlags`, `CasterAuraState`, `TargetAuraState`, `ExcludeCasterAuraState`, `ExcludeTargetAuraState`, `CasterAuraSpell`, `TargetAuraSpell`, `ExcludeCasterAuraSpell`, `ExcludeTargetAuraSpell`, `CastingTimeIndex`, `RecoveryTime`, `CategoryRecoveryTime`, `InterruptFlags`, `AuraInterruptFlags`, `ChannelInterruptFlags`, `ProcTypeMask`, `ProcChance`, `ProcCharges`, `MaxLevel`, `BaseLevel`, `SpellLevel`, `DurationIndex`, `PowerType`, `ManaCost`, `ManaCostPerLevel`, `ManaPerSecond`, `ManaPerSecondPerLevel`, `RangeIndex`, `Speed`, `ModalNextSpell`, `CumulativeAura`, `Totem_1`, `Totem_2`, `Reagent_1`, `Reagent_2`, `Reagent_3`, `Reagent_4`, `Reagent_5`, `Reagent_6`, `Reagent_7`, `Reagent_8`, `ReagentCount_1`, `ReagentCount_2`, `ReagentCount_3`, `ReagentCount_4`, `ReagentCount_5`, `ReagentCount_6`, `ReagentCount_7`, `ReagentCount_8`, `EquippedItemClass`, `EquippedItemSubclass`, `EquippedItemInvTypes`, `Effect_1`, `Effect_2`, `Effect_3`, `EffectDieSides_1`, `EffectDieSides_2`, `EffectDieSides_3`, `EffectRealPointsPerLevel_1`, `EffectRealPointsPerLevel_2`, `EffectRealPointsPerLevel_3`, `EffectBasePoints_1`, `EffectBasePoints_2`, `EffectBasePoints_3`, `EffectMechanic_1`, `EffectMechanic_2`, `EffectMechanic_3`, `ImplicitTargetA_1`, `ImplicitTargetA_2`, `ImplicitTargetA_3`, `ImplicitTargetB_1`, `ImplicitTargetB_2`, `ImplicitTargetB_3`, `EffectRadiusIndex_1`, `EffectRadiusIndex_2`, `EffectRadiusIndex_3`, `EffectAura_1`, `EffectAura_2`, `EffectAura_3`, `EffectAuraPeriod_1`, `EffectAuraPeriod_2`, `EffectAuraPeriod_3`, `EffectMultipleValue_1`, `EffectMultipleValue_2`, `EffectMultipleValue_3`, `EffectChainTargets_1`, `EffectChainTargets_2`, `EffectChainTargets_3`, `EffectItemType_1`, `EffectItemType_2`, `EffectItemType_3`, `EffectMiscValue_1`, `EffectMiscValue_2`, `EffectMiscValue_3`, `EffectMiscValueB_1`, `EffectMiscValueB_2`, `EffectMiscValueB_3`, `EffectTriggerSpell_1`, `EffectTriggerSpell_2`, `EffectTriggerSpell_3`, `EffectPointsPerCombo_1`, `EffectPointsPerCombo_2`, `EffectPointsPerCombo_3`, `EffectSpellClassMaskA_1`, `EffectSpellClassMaskA_2`, `EffectSpellClassMaskA_3`, `EffectSpellClassMaskB_1`, `EffectSpellClassMaskB_2`, `EffectSpellClassMaskB_3`, `EffectSpellClassMaskC_1`, `EffectSpellClassMaskC_2`, `EffectSpellClassMaskC_3`, `SpellVisualID_1`, `SpellVisualID_2`, `SpellIconID`, `ActiveIconID`, `SpellPriority`, `Name_Lang_enUS`, `Name_Lang_enGB`, `Name_Lang_koKR`, `Name_Lang_frFR`, `Name_Lang_deDE`, `Name_Lang_enCN`, `Name_Lang_zhCN`, `Name_Lang_enTW`, `Name_Lang_zhTW`, `Name_Lang_esES`, `Name_Lang_esMX`, `Name_Lang_ruRU`, `Name_Lang_ptPT`, `Name_Lang_ptBR`, `Name_Lang_itIT`, `Name_Lang_Unk`, `Name_Lang_Mask`, `NameSubtext_Lang_enUS`, `NameSubtext_Lang_enGB`, `NameSubtext_Lang_koKR`, `NameSubtext_Lang_frFR`, `NameSubtext_Lang_deDE`, `NameSubtext_Lang_enCN`, `NameSubtext_Lang_zhCN`, `NameSubtext_Lang_enTW`, `NameSubtext_Lang_zhTW`, `NameSubtext_Lang_esES`, `NameSubtext_Lang_esMX`, `NameSubtext_Lang_ruRU`, `NameSubtext_Lang_ptPT`, `NameSubtext_Lang_ptBR`, `NameSubtext_Lang_itIT`, `NameSubtext_Lang_Unk`, `NameSubtext_Lang_Mask`, `Description_Lang_enUS`, `Description_Lang_enGB`, `Description_Lang_koKR`, `Description_Lang_frFR`, `Description_Lang_deDE`, `Description_Lang_enCN`, `Description_Lang_zhCN`, `Description_Lang_enTW`, `Description_Lang_zhTW`, `Description_Lang_esES`, `Description_Lang_esMX`, `Description_Lang_ruRU`, `Description_Lang_ptPT`, `Description_Lang_ptBR`, `Description_Lang_itIT`, `Description_Lang_Unk`, `Description_Lang_Mask`, `AuraDescription_Lang_enUS`, `AuraDescription_Lang_enGB`, `AuraDescription_Lang_koKR`, `AuraDescription_Lang_frFR`, `AuraDescription_Lang_deDE`, `AuraDescription_Lang_enCN`, `AuraDescription_Lang_zhCN`, `AuraDescription_Lang_enTW`, `AuraDescription_Lang_zhTW`, `AuraDescription_Lang_esES`, `AuraDescription_Lang_esMX`, `AuraDescription_Lang_ruRU`, `AuraDescription_Lang_ptPT`, `AuraDescription_Lang_ptBR`, `AuraDescription_Lang_itIT`, `AuraDescription_Lang_Unk`, `AuraDescription_Lang_Mask`, `ManaCostPct`, `StartRecoveryCategory`, `StartRecoveryTime`, `MaxTargetLevel`, `SpellClassSet`, `SpellClassMask_1`, `SpellClassMask_2`, `SpellClassMask_3`, `MaxTargets`, `DefenseType`, `PreventionType`, `StanceBarOrder`, `EffectChainAmplitude_1`, `EffectChainAmplitude_2`, `EffectChainAmplitude_3`, `MinFactionID`, `MinReputation`, `RequiredAuraVision`, `RequiredTotemCategoryID_1`, `RequiredTotemCategoryID_2`, `RequiredAreasID`, `SchoolMask`, `RuneCostID`, `SpellMissileID`, `PowerDisplayID`, `EffectBonusMultiplier_1`, `EffectBonusMultiplier_2`, `EffectBonusMultiplier_3`, `SpellDescriptionVariableID`, `SpellDifficultyID`) VALUES
(200004, 0, 0, 0, 0, 0, 0, 262144, 0, 0, 16777216, 0, 0, 0, 0, 0, 0, 0, 0, 0, 0, 0, 0, 0, 0, 0, 0, 0, 4, 0, 0, 0, 0, 0, 0, 101, 0, 0, 0, 0, 32, 0, 0, 0, 0, 0, 1, 0, 0, 0, 0, 0, 0, 0, 0, 0, 0, 0, 0, 0, 0, 0, 0, 0, 0, 0, 0, 0, -1, 0, 0, 98, 2, 6, 1, 1201, 1, 0, 0, 0, 99, 7399, -1, 0, 0, 0, 22, 22, 22, 15, 15, 15, 20, 20, 20, 0, 0, 12, 0, 0, 0, 0, 0, 0, 0, 0, 0, 0, 0, 0, 300, 0, 0, 0, 0, 0, 0, 0, 0, 0, 0, 0, 0, 0, 0, 0, 0, 0, 0, 0, 0, 14150, 0, 148, 0, 0, 'Massive Crash', '', '', '', '', '', '', '', '', '', '', '', '', '', '', '', 16712190, '', '', '', '', '', '', '', '', '', '', '', '', '', '', '', '', 16712188, 'Leaps into the air and crashes down with massive force, dealing $s2 Physical damage to all enemies, stunning them, and knocking them back.', '', '', '', '', '', '', '', '', '', '', '', '', '', '', '', 16712190, 'Stunned.', '', '', '', '', '', '', '', '', '', '', '', '', '', '', '', 16712190, 0, 0, 0, 0, 0, 0, 0, 0, 0, 0, 0, 0, 1, 1, 1, 0, 0, 0, 0, 0, 0, 1, 0, 0, 0, 0, 0, 0, 0, 619);

-- Boulder
DELETE FROM `gameobject_template` WHERE `entry` IN (900000, 900001);
INSERT INTO `gameobject_template` (`entry`, `type`, `displayId`, `name`, `IconName`, `castBarCaption`, `unk1`, `size`, `Data0`, `Data1`, `Data2`, `Data3`, `Data4`, `Data5`, `Data6`, `Data7`, `Data8`, `Data9`, `Data10`, `Data11`, `Data12`, `Data13`, `Data14`, `Data15`, `Data16`, `Data17`, `Data18`, `Data19`, `Data20`, `Data21`, `Data22`, `Data23`, `AIName`, `ScriptName`, `VerifiedBuild`) VALUES
(900000, 5, 7749, 'Boulder', '', '', '', 5, 0, 0, 0, 0, 0, 0, 0, 0, 0, 0, 0, 0, 0, 0, 0, 0, 0, 0, 0, 0, 0, 0, 0, 0, '', '', 0),
(900001, 5, 8187, 'Boulder', '', '', '', 0.6, 0, 0, 0, 0, 0, 0, 0, 0, 0, 0, 0, 0, 0, 0, 0, 0, 0, 0, 0, 0, 0, 0, 0, 0, '', '', 0);
DELETE FROM `gameobject` WHERE `id` IN (900000, 900001);
INSERT INTO `gameobject` (`guid`, `id`, `map`, `zoneId`, `areaId`, `spawnMask`, `phaseMask`, `position_x`, `position_y`, `position_z`, `orientation`, `rotation0`, `rotation1`, `rotation2`, `rotation3`, `spawntimesecs`, `animprogress`, `state`, `ScriptName`, `VerifiedBuild`, `Comment`) VALUES
(2135583, 900000, 1, 0, 0, 1, 1, 2200.75, -4746.16, 55.1381, 0.785397, 0, 0, -0.382683, -0.92388, 0, 0, 1, '', NULL, NULL),
(2135586, 900000, 1, 0, 0, 1, 1, 2170.73, -4795.2, 55.1375, 4.47677, 0, 0, -0.785317, 0.619094, 300, 0, 1, '', NULL, NULL),
(2135611, 900001, 1, 0, 0, 1, 1, 2169.29, -4791.9, 62.3471, 4.54746, 0, 0, -0.76295, 0.646457, 0, 0, 1, '', NULL, NULL),
(2135636, 900001, 1, 0, 0, 1, 1, 2199.4, -4745.35, 62.6408, 4.22151, 0, 0, -0.857729, 0.514102, 0, 0, 1, '', NULL, NULL);

-- leap
DELETE FROM `spell_dbc` WHERE (`ID` = 200005);
INSERT INTO `spell_dbc` (`ID`, `Category`, `DispelType`, `Mechanic`, `Attributes`, `AttributesEx`, `AttributesEx2`, `AttributesEx3`, `AttributesEx4`, `AttributesEx5`, `AttributesEx6`, `AttributesEx7`, `ShapeshiftMask`, `unk_320_2`, `ShapeshiftExclude`, `unk_320_3`, `Targets`, `TargetCreatureType`, `RequiresSpellFocus`, `FacingCasterFlags`, `CasterAuraState`, `TargetAuraState`, `ExcludeCasterAuraState`, `ExcludeTargetAuraState`, `CasterAuraSpell`, `TargetAuraSpell`, `ExcludeCasterAuraSpell`, `ExcludeTargetAuraSpell`, `CastingTimeIndex`, `RecoveryTime`, `CategoryRecoveryTime`, `InterruptFlags`, `AuraInterruptFlags`, `ChannelInterruptFlags`, `ProcTypeMask`, `ProcChance`, `ProcCharges`, `MaxLevel`, `BaseLevel`, `SpellLevel`, `DurationIndex`, `PowerType`, `ManaCost`, `ManaCostPerLevel`, `ManaPerSecond`, `ManaPerSecondPerLevel`, `RangeIndex`, `Speed`, `ModalNextSpell`, `CumulativeAura`, `Totem_1`, `Totem_2`, `Reagent_1`, `Reagent_2`, `Reagent_3`, `Reagent_4`, `Reagent_5`, `Reagent_6`, `Reagent_7`, `Reagent_8`, `ReagentCount_1`, `ReagentCount_2`, `ReagentCount_3`, `ReagentCount_4`, `ReagentCount_5`, `ReagentCount_6`, `ReagentCount_7`, `ReagentCount_8`, `EquippedItemClass`, `EquippedItemSubclass`, `EquippedItemInvTypes`, `Effect_1`, `Effect_2`, `Effect_3`, `EffectDieSides_1`, `EffectDieSides_2`, `EffectDieSides_3`, `EffectRealPointsPerLevel_1`, `EffectRealPointsPerLevel_2`, `EffectRealPointsPerLevel_3`, `EffectBasePoints_1`, `EffectBasePoints_2`, `EffectBasePoints_3`, `EffectMechanic_1`, `EffectMechanic_2`, `EffectMechanic_3`, `ImplicitTargetA_1`, `ImplicitTargetA_2`, `ImplicitTargetA_3`, `ImplicitTargetB_1`, `ImplicitTargetB_2`, `ImplicitTargetB_3`, `EffectRadiusIndex_1`, `EffectRadiusIndex_2`, `EffectRadiusIndex_3`, `EffectAura_1`, `EffectAura_2`, `EffectAura_3`, `EffectAuraPeriod_1`, `EffectAuraPeriod_2`, `EffectAuraPeriod_3`, `EffectMultipleValue_1`, `EffectMultipleValue_2`, `EffectMultipleValue_3`, `EffectChainTargets_1`, `EffectChainTargets_2`, `EffectChainTargets_3`, `EffectItemType_1`, `EffectItemType_2`, `EffectItemType_3`, `EffectMiscValue_1`, `EffectMiscValue_2`, `EffectMiscValue_3`, `EffectMiscValueB_1`, `EffectMiscValueB_2`, `EffectMiscValueB_3`, `EffectTriggerSpell_1`, `EffectTriggerSpell_2`, `EffectTriggerSpell_3`, `EffectPointsPerCombo_1`, `EffectPointsPerCombo_2`, `EffectPointsPerCombo_3`, `EffectSpellClassMaskA_1`, `EffectSpellClassMaskA_2`, `EffectSpellClassMaskA_3`, `EffectSpellClassMaskB_1`, `EffectSpellClassMaskB_2`, `EffectSpellClassMaskB_3`, `EffectSpellClassMaskC_1`, `EffectSpellClassMaskC_2`, `EffectSpellClassMaskC_3`, `SpellVisualID_1`, `SpellVisualID_2`, `SpellIconID`, `ActiveIconID`, `SpellPriority`, `Name_Lang_enUS`, `Name_Lang_enGB`, `Name_Lang_koKR`, `Name_Lang_frFR`, `Name_Lang_deDE`, `Name_Lang_enCN`, `Name_Lang_zhCN`, `Name_Lang_enTW`, `Name_Lang_zhTW`, `Name_Lang_esES`, `Name_Lang_esMX`, `Name_Lang_ruRU`, `Name_Lang_ptPT`, `Name_Lang_ptBR`, `Name_Lang_itIT`, `Name_Lang_Unk`, `Name_Lang_Mask`, `NameSubtext_Lang_enUS`, `NameSubtext_Lang_enGB`, `NameSubtext_Lang_koKR`, `NameSubtext_Lang_frFR`, `NameSubtext_Lang_deDE`, `NameSubtext_Lang_enCN`, `NameSubtext_Lang_zhCN`, `NameSubtext_Lang_enTW`, `NameSubtext_Lang_zhTW`, `NameSubtext_Lang_esES`, `NameSubtext_Lang_esMX`, `NameSubtext_Lang_ruRU`, `NameSubtext_Lang_ptPT`, `NameSubtext_Lang_ptBR`, `NameSubtext_Lang_itIT`, `NameSubtext_Lang_Unk`, `NameSubtext_Lang_Mask`, `Description_Lang_enUS`, `Description_Lang_enGB`, `Description_Lang_koKR`, `Description_Lang_frFR`, `Description_Lang_deDE`, `Description_Lang_enCN`, `Description_Lang_zhCN`, `Description_Lang_enTW`, `Description_Lang_zhTW`, `Description_Lang_esES`, `Description_Lang_esMX`, `Description_Lang_ruRU`, `Description_Lang_ptPT`, `Description_Lang_ptBR`, `Description_Lang_itIT`, `Description_Lang_Unk`, `Description_Lang_Mask`, `AuraDescription_Lang_enUS`, `AuraDescription_Lang_enGB`, `AuraDescription_Lang_koKR`, `AuraDescription_Lang_frFR`, `AuraDescription_Lang_deDE`, `AuraDescription_Lang_enCN`, `AuraDescription_Lang_zhCN`, `AuraDescription_Lang_enTW`, `AuraDescription_Lang_zhTW`, `AuraDescription_Lang_esES`, `AuraDescription_Lang_esMX`, `AuraDescription_Lang_ruRU`, `AuraDescription_Lang_ptPT`, `AuraDescription_Lang_ptBR`, `AuraDescription_Lang_itIT`, `AuraDescription_Lang_Unk`, `AuraDescription_Lang_Mask`, `ManaCostPct`, `StartRecoveryCategory`, `StartRecoveryTime`, `MaxTargetLevel`, `SpellClassSet`, `SpellClassMask_1`, `SpellClassMask_2`, `SpellClassMask_3`, `MaxTargets`, `DefenseType`, `PreventionType`, `StanceBarOrder`, `EffectChainAmplitude_1`, `EffectChainAmplitude_2`, `EffectChainAmplitude_3`, `MinFactionID`, `MinReputation`, `RequiredAuraVision`, `RequiredTotemCategoryID_1`, `RequiredTotemCategoryID_2`, `RequiredAreasID`, `SchoolMask`, `RuneCostID`, `SpellMissileID`, `PowerDisplayID`, `EffectBonusMultiplier_1`, `EffectBonusMultiplier_2`, `EffectBonusMultiplier_3`, `SpellDescriptionVariableID`, `SpellDifficultyID`) VALUES
(200005, 0, 0, 0, 262160, 0, 0, 0, 0, 0, 0, 0, 0, 0, 0, 0, 0, 0, 0, 0, 0, 0, 0, 0, 0, 0, 0, 0, 1, 0, 0, 0, 0, 0, 0, 101, 0, 0, 1, 1, 0, 0, 0, 0, 0, 0, 1, 0, 0, 0, 0, 0, 0, 0, 0, 0, 0, 0, 0, 0, 0, 0, 0, 0, 0, 0, 0, 0, -1, 0, 0, 42, 0, 0, 0, 0, 0, 0, 0, 0, 0, 0, 0, 0, 0, 0, 1, 0, 0, 47, 0, 0, 8, 0, 0, 0, 0, 0, 0, 0, 0, 4, 0, 0, 0, 0, 0, 0, 0, 0, 0, 0, 0, 150, 0, 0, 0, 0, 0, 0, 0, 0, 0, 0, 0, 0, 0, 0, 0, 0, 0, 0, 0, 1891, 0, 0, 'Leap', '', '', '', '', '', '', '', '', '', '', '', '', '', '', '', 0, '', '', '', '', '', '', '', '', '', '', '', '', '', '', '', '', 0, '', '', '', '', '', '', '', '', '', '', '', '', '', '', '', '', 0, '', '', '', '', '', '', '', '', '', '', '', '', '', '', '', '', 0, 0, 133, 1500, 0, 0, 0, 0, 0, 0, 0, 0, 0, 1, 1, 1, 0, 0, 0, 0, 0, 0, 1, 0, 0, 0, 0, 0, 0, 0, 0);

-- arena pillars
DELETE FROM `gameobject_template` WHERE (`entry` = 900002);
INSERT INTO `gameobject_template` (`entry`, `type`, `displayId`, `name`, `IconName`, `castBarCaption`, `unk1`, `size`, `Data0`, `Data1`, `Data2`, `Data3`, `Data4`, `Data5`, `Data6`, `Data7`, `Data8`, `Data9`, `Data10`, `Data11`, `Data12`, `Data13`, `Data14`, `Data15`, `Data16`, `Data17`, `Data18`, `Data19`, `Data20`, `Data21`, `Data22`, `Data23`, `AIName`, `ScriptName`, `VerifiedBuild`) VALUES
(900002, 5, 249, 'Arena Pillar', '', '', '', 2.5, 0, 0, 0, 0, 0, 0, 0, 0, 0, 0, 0, 0, 0, 0, 0, 0, 0, 0, 0, 0, 0, 0, 0, 0, '', '', 0);

-- Shared Bonds // Visual: 41363
DELETE FROM `spell_dbc` WHERE (`ID` = 200006);
INSERT INTO `spell_dbc` (`ID`, `Category`, `DispelType`, `Mechanic`, `Attributes`, `AttributesEx`, `AttributesEx2`, `AttributesEx3`, `AttributesEx4`, `AttributesEx5`, `AttributesEx6`, `AttributesEx7`, `ShapeshiftMask`, `unk_320_2`, `ShapeshiftExclude`, `unk_320_3`, `Targets`, `TargetCreatureType`, `RequiresSpellFocus`, `FacingCasterFlags`, `CasterAuraState`, `TargetAuraState`, `ExcludeCasterAuraState`, `ExcludeTargetAuraState`, `CasterAuraSpell`, `TargetAuraSpell`, `ExcludeCasterAuraSpell`, `ExcludeTargetAuraSpell`, `CastingTimeIndex`, `RecoveryTime`, `CategoryRecoveryTime`, `InterruptFlags`, `AuraInterruptFlags`, `ChannelInterruptFlags`, `ProcTypeMask`, `ProcChance`, `ProcCharges`, `MaxLevel`, `BaseLevel`, `SpellLevel`, `DurationIndex`, `PowerType`, `ManaCost`, `ManaCostPerLevel`, `ManaPerSecond`, `ManaPerSecondPerLevel`, `RangeIndex`, `Speed`, `ModalNextSpell`, `CumulativeAura`, `Totem_1`, `Totem_2`, `Reagent_1`, `Reagent_2`, `Reagent_3`, `Reagent_4`, `Reagent_5`, `Reagent_6`, `Reagent_7`, `Reagent_8`, `ReagentCount_1`, `ReagentCount_2`, `ReagentCount_3`, `ReagentCount_4`, `ReagentCount_5`, `ReagentCount_6`, `ReagentCount_7`, `ReagentCount_8`, `EquippedItemClass`, `EquippedItemSubclass`, `EquippedItemInvTypes`, `Effect_1`, `Effect_2`, `Effect_3`, `EffectDieSides_1`, `EffectDieSides_2`, `EffectDieSides_3`, `EffectRealPointsPerLevel_1`, `EffectRealPointsPerLevel_2`, `EffectRealPointsPerLevel_3`, `EffectBasePoints_1`, `EffectBasePoints_2`, `EffectBasePoints_3`, `EffectMechanic_1`, `EffectMechanic_2`, `EffectMechanic_3`, `ImplicitTargetA_1`, `ImplicitTargetA_2`, `ImplicitTargetA_3`, `ImplicitTargetB_1`, `ImplicitTargetB_2`, `ImplicitTargetB_3`, `EffectRadiusIndex_1`, `EffectRadiusIndex_2`, `EffectRadiusIndex_3`, `EffectAura_1`, `EffectAura_2`, `EffectAura_3`, `EffectAuraPeriod_1`, `EffectAuraPeriod_2`, `EffectAuraPeriod_3`, `EffectMultipleValue_1`, `EffectMultipleValue_2`, `EffectMultipleValue_3`, `EffectChainTargets_1`, `EffectChainTargets_2`, `EffectChainTargets_3`, `EffectItemType_1`, `EffectItemType_2`, `EffectItemType_3`, `EffectMiscValue_1`, `EffectMiscValue_2`, `EffectMiscValue_3`, `EffectMiscValueB_1`, `EffectMiscValueB_2`, `EffectMiscValueB_3`, `EffectTriggerSpell_1`, `EffectTriggerSpell_2`, `EffectTriggerSpell_3`, `EffectPointsPerCombo_1`, `EffectPointsPerCombo_2`, `EffectPointsPerCombo_3`, `EffectSpellClassMaskA_1`, `EffectSpellClassMaskA_2`, `EffectSpellClassMaskA_3`, `EffectSpellClassMaskB_1`, `EffectSpellClassMaskB_2`, `EffectSpellClassMaskB_3`, `EffectSpellClassMaskC_1`, `EffectSpellClassMaskC_2`, `EffectSpellClassMaskC_3`, `SpellVisualID_1`, `SpellVisualID_2`, `SpellIconID`, `ActiveIconID`, `SpellPriority`, `Name_Lang_enUS`, `Name_Lang_enGB`, `Name_Lang_koKR`, `Name_Lang_frFR`, `Name_Lang_deDE`, `Name_Lang_enCN`, `Name_Lang_zhCN`, `Name_Lang_enTW`, `Name_Lang_zhTW`, `Name_Lang_esES`, `Name_Lang_esMX`, `Name_Lang_ruRU`, `Name_Lang_ptPT`, `Name_Lang_ptBR`, `Name_Lang_itIT`, `Name_Lang_Unk`, `Name_Lang_Mask`, `NameSubtext_Lang_enUS`, `NameSubtext_Lang_enGB`, `NameSubtext_Lang_koKR`, `NameSubtext_Lang_frFR`, `NameSubtext_Lang_deDE`, `NameSubtext_Lang_enCN`, `NameSubtext_Lang_zhCN`, `NameSubtext_Lang_enTW`, `NameSubtext_Lang_zhTW`, `NameSubtext_Lang_esES`, `NameSubtext_Lang_esMX`, `NameSubtext_Lang_ruRU`, `NameSubtext_Lang_ptPT`, `NameSubtext_Lang_ptBR`, `NameSubtext_Lang_itIT`, `NameSubtext_Lang_Unk`, `NameSubtext_Lang_Mask`, `Description_Lang_enUS`, `Description_Lang_enGB`, `Description_Lang_koKR`, `Description_Lang_frFR`, `Description_Lang_deDE`, `Description_Lang_enCN`, `Description_Lang_zhCN`, `Description_Lang_enTW`, `Description_Lang_zhTW`, `Description_Lang_esES`, `Description_Lang_esMX`, `Description_Lang_ruRU`, `Description_Lang_ptPT`, `Description_Lang_ptBR`, `Description_Lang_itIT`, `Description_Lang_Unk`, `Description_Lang_Mask`, `AuraDescription_Lang_enUS`, `AuraDescription_Lang_enGB`, `AuraDescription_Lang_koKR`, `AuraDescription_Lang_frFR`, `AuraDescription_Lang_deDE`, `AuraDescription_Lang_enCN`, `AuraDescription_Lang_zhCN`, `AuraDescription_Lang_enTW`, `AuraDescription_Lang_zhTW`, `AuraDescription_Lang_esES`, `AuraDescription_Lang_esMX`, `AuraDescription_Lang_ruRU`, `AuraDescription_Lang_ptPT`, `AuraDescription_Lang_ptBR`, `AuraDescription_Lang_itIT`, `AuraDescription_Lang_Unk`, `AuraDescription_Lang_Mask`, `ManaCostPct`, `StartRecoveryCategory`, `StartRecoveryTime`, `MaxTargetLevel`, `SpellClassSet`, `SpellClassMask_1`, `SpellClassMask_2`, `SpellClassMask_3`, `MaxTargets`, `DefenseType`, `PreventionType`, `StanceBarOrder`, `EffectChainAmplitude_1`, `EffectChainAmplitude_2`, `EffectChainAmplitude_3`, `MinFactionID`, `MinReputation`, `RequiredAuraVision`, `RequiredTotemCategoryID_1`, `RequiredTotemCategoryID_2`, `RequiredAreasID`, `SchoolMask`, `RuneCostID`, `SpellMissileID`, `PowerDisplayID`, `EffectBonusMultiplier_1`, `EffectBonusMultiplier_2`, `EffectBonusMultiplier_3`, `SpellDescriptionVariableID`, `SpellDifficultyID`) VALUES
(200006, 0, 0, 19, 604307712, 1024, 4, 0, 0, 1, 0, 0, 0, 0, 0, 0, 0, 0, 0, 0, 0, 0, 0, 0, 0, 0, 0, 0, 1, 0, 0, 0, 0, 0, 699048, 101, 0, 0, 80, 80, 21, 0, 0, 0, 0, 0, 4, 0, 0, 0, 0, 0, 0, 0, 0, 0, 0, 0, 0, 0, 0, 0, 0, 0, 0, 0, 0, 0, -1, 0, 0, 6, 0, 0, 1, 0, 0, 0, 0, 0, 49, 0, 0, 0, 0, 0, 21, 0, 0, 0, 0, 0, 0, 0, 0, 81, 0, 0, 0, 0, 0, 1, 0, 0, 0, 0, 0, 0, 0, 0, 127, 0, 0, 0, 0, 0, 0, 0, 0, 0, 0, 0, 0, 0, 0, 0, 0, 0, 0, 0, 0, 8244, 0, 2177, 0, 0, 'Shared Bonds', '', '', '', '', '', '', '', '', '', '', '', '', '', '', '', 16712190, '', '', '', '', '', '', '', '', '', '', '', '', '', '', '', '', 16712172, 'The life force of the target and caster are linked, sharing damage equally between each other.', '', '', '', '', '', '', '', '', '', '', '', '', '', '', '', 16712190, '$s1\% of damage taken is split with ally.', '', '', '', '', '', '', '', '', '', '', '', '', '', '', '', 16712190, 0, 0, 0, 0, 0, 0, 0, 0, 0, 1, 0, 0, 1, 1, 1, 0, 0, 0, 0, 0, 0, 2, 0, 0, 0, 0, 0, 0, 0, 0);

-- Heat Pillar
DELETE FROM `gameobject_template` WHERE (`entry` = 900003);
INSERT INTO `gameobject_template` (`entry`, `type`, `displayId`, `name`, `IconName`, `castBarCaption`, `unk1`, `size`, `Data0`, `Data1`, `Data2`, `Data3`, `Data4`, `Data5`, `Data6`, `Data7`, `Data8`, `Data9`, `Data10`, `Data11`, `Data12`, `Data13`, `Data14`, `Data15`, `Data16`, `Data17`, `Data18`, `Data19`, `Data20`, `Data21`, `Data22`, `Data23`, `AIName`, `ScriptName`, `VerifiedBuild`) VALUES
(900003, 5, 235, 'Heat Pillar', '', '', '', 0.25, 0, 0, 0, 0, 0, 0, 0, 0, 0, 0, 0, 0, 0, 0, 0, 0, 0, 0, 0, 0, 0, 0, 0, 0, 'SmartGameObjectAI', '', 0);
DELETE FROM `smart_scripts` WHERE (`source_type` = 1 AND `entryorguid` = 900003);
INSERT INTO `smart_scripts` (`entryorguid`, `source_type`, `id`, `link`, `event_type`, `event_phase_mask`, `event_chance`, `event_flags`, `event_param1`, `event_param2`, `event_param3`, `event_param4`, `event_param5`, `event_param6`, `action_type`, `action_param1`, `action_param2`, `action_param3`, `action_param4`, `action_param5`, `action_param6`, `target_type`, `target_param1`, `target_param2`, `target_param3`, `target_param4`, `target_x`, `target_y`, `target_z`, `target_o`, `comment`) VALUES
(900003, 1, 0, 1, 60, 0, 100, 0, 2000, 2000, 2000, 2000, 0, 0, 75, 62055, 0, 0, 0, 0, 0, 9, 60039, 0, 3, 1, 0, 0, 0, 0, 'Heat Pillar - On Update - Add Aura \'Brittle Skin\''),
(900003, 1, 1, 0, 61, 0, 100, 0, 0, 0, 0, 0, 0, 0, 75, 16791, 0, 0, 0, 0, 0, 9, 60039, 0, 3, 1, 0, 0, 0, 0, 'Heat Pillar - On Update - Add Aura \'Furious Anger\'');

-- chains of woe
DELETE FROM `spell_dbc` WHERE (`ID` = 200007);
INSERT INTO `spell_dbc` (`ID`, `Category`, `DispelType`, `Mechanic`, `Attributes`, `AttributesEx`, `AttributesEx2`, `AttributesEx3`, `AttributesEx4`, `AttributesEx5`, `AttributesEx6`, `AttributesEx7`, `ShapeshiftMask`, `unk_320_2`, `ShapeshiftExclude`, `unk_320_3`, `Targets`, `TargetCreatureType`, `RequiresSpellFocus`, `FacingCasterFlags`, `CasterAuraState`, `TargetAuraState`, `ExcludeCasterAuraState`, `ExcludeTargetAuraState`, `CasterAuraSpell`, `TargetAuraSpell`, `ExcludeCasterAuraSpell`, `ExcludeTargetAuraSpell`, `CastingTimeIndex`, `RecoveryTime`, `CategoryRecoveryTime`, `InterruptFlags`, `AuraInterruptFlags`, `ChannelInterruptFlags`, `ProcTypeMask`, `ProcChance`, `ProcCharges`, `MaxLevel`, `BaseLevel`, `SpellLevel`, `DurationIndex`, `PowerType`, `ManaCost`, `ManaCostPerLevel`, `ManaPerSecond`, `ManaPerSecondPerLevel`, `RangeIndex`, `Speed`, `ModalNextSpell`, `CumulativeAura`, `Totem_1`, `Totem_2`, `Reagent_1`, `Reagent_2`, `Reagent_3`, `Reagent_4`, `Reagent_5`, `Reagent_6`, `Reagent_7`, `Reagent_8`, `ReagentCount_1`, `ReagentCount_2`, `ReagentCount_3`, `ReagentCount_4`, `ReagentCount_5`, `ReagentCount_6`, `ReagentCount_7`, `ReagentCount_8`, `EquippedItemClass`, `EquippedItemSubclass`, `EquippedItemInvTypes`, `Effect_1`, `Effect_2`, `Effect_3`, `EffectDieSides_1`, `EffectDieSides_2`, `EffectDieSides_3`, `EffectRealPointsPerLevel_1`, `EffectRealPointsPerLevel_2`, `EffectRealPointsPerLevel_3`, `EffectBasePoints_1`, `EffectBasePoints_2`, `EffectBasePoints_3`, `EffectMechanic_1`, `EffectMechanic_2`, `EffectMechanic_3`, `ImplicitTargetA_1`, `ImplicitTargetA_2`, `ImplicitTargetA_3`, `ImplicitTargetB_1`, `ImplicitTargetB_2`, `ImplicitTargetB_3`, `EffectRadiusIndex_1`, `EffectRadiusIndex_2`, `EffectRadiusIndex_3`, `EffectAura_1`, `EffectAura_2`, `EffectAura_3`, `EffectAuraPeriod_1`, `EffectAuraPeriod_2`, `EffectAuraPeriod_3`, `EffectMultipleValue_1`, `EffectMultipleValue_2`, `EffectMultipleValue_3`, `EffectChainTargets_1`, `EffectChainTargets_2`, `EffectChainTargets_3`, `EffectItemType_1`, `EffectItemType_2`, `EffectItemType_3`, `EffectMiscValue_1`, `EffectMiscValue_2`, `EffectMiscValue_3`, `EffectMiscValueB_1`, `EffectMiscValueB_2`, `EffectMiscValueB_3`, `EffectTriggerSpell_1`, `EffectTriggerSpell_2`, `EffectTriggerSpell_3`, `EffectPointsPerCombo_1`, `EffectPointsPerCombo_2`, `EffectPointsPerCombo_3`, `EffectSpellClassMaskA_1`, `EffectSpellClassMaskA_2`, `EffectSpellClassMaskA_3`, `EffectSpellClassMaskB_1`, `EffectSpellClassMaskB_2`, `EffectSpellClassMaskB_3`, `EffectSpellClassMaskC_1`, `EffectSpellClassMaskC_2`, `EffectSpellClassMaskC_3`, `SpellVisualID_1`, `SpellVisualID_2`, `SpellIconID`, `ActiveIconID`, `SpellPriority`, `Name_Lang_enUS`, `Name_Lang_enGB`, `Name_Lang_koKR`, `Name_Lang_frFR`, `Name_Lang_deDE`, `Name_Lang_enCN`, `Name_Lang_zhCN`, `Name_Lang_enTW`, `Name_Lang_zhTW`, `Name_Lang_esES`, `Name_Lang_esMX`, `Name_Lang_ruRU`, `Name_Lang_ptPT`, `Name_Lang_ptBR`, `Name_Lang_itIT`, `Name_Lang_Unk`, `Name_Lang_Mask`, `NameSubtext_Lang_enUS`, `NameSubtext_Lang_enGB`, `NameSubtext_Lang_koKR`, `NameSubtext_Lang_frFR`, `NameSubtext_Lang_deDE`, `NameSubtext_Lang_enCN`, `NameSubtext_Lang_zhCN`, `NameSubtext_Lang_enTW`, `NameSubtext_Lang_zhTW`, `NameSubtext_Lang_esES`, `NameSubtext_Lang_esMX`, `NameSubtext_Lang_ruRU`, `NameSubtext_Lang_ptPT`, `NameSubtext_Lang_ptBR`, `NameSubtext_Lang_itIT`, `NameSubtext_Lang_Unk`, `NameSubtext_Lang_Mask`, `Description_Lang_enUS`, `Description_Lang_enGB`, `Description_Lang_koKR`, `Description_Lang_frFR`, `Description_Lang_deDE`, `Description_Lang_enCN`, `Description_Lang_zhCN`, `Description_Lang_enTW`, `Description_Lang_zhTW`, `Description_Lang_esES`, `Description_Lang_esMX`, `Description_Lang_ruRU`, `Description_Lang_ptPT`, `Description_Lang_ptBR`, `Description_Lang_itIT`, `Description_Lang_Unk`, `Description_Lang_Mask`, `AuraDescription_Lang_enUS`, `AuraDescription_Lang_enGB`, `AuraDescription_Lang_koKR`, `AuraDescription_Lang_frFR`, `AuraDescription_Lang_deDE`, `AuraDescription_Lang_enCN`, `AuraDescription_Lang_zhCN`, `AuraDescription_Lang_enTW`, `AuraDescription_Lang_zhTW`, `AuraDescription_Lang_esES`, `AuraDescription_Lang_esMX`, `AuraDescription_Lang_ruRU`, `AuraDescription_Lang_ptPT`, `AuraDescription_Lang_ptBR`, `AuraDescription_Lang_itIT`, `AuraDescription_Lang_Unk`, `AuraDescription_Lang_Mask`, `ManaCostPct`, `StartRecoveryCategory`, `StartRecoveryTime`, `MaxTargetLevel`, `SpellClassSet`, `SpellClassMask_1`, `SpellClassMask_2`, `SpellClassMask_3`, `MaxTargets`, `DefenseType`, `PreventionType`, `StanceBarOrder`, `EffectChainAmplitude_1`, `EffectChainAmplitude_2`, `EffectChainAmplitude_3`, `MinFactionID`, `MinReputation`, `RequiredAuraVision`, `RequiredTotemCategoryID_1`, `RequiredTotemCategoryID_2`, `RequiredAreasID`, `SchoolMask`, `RuneCostID`, `SpellMissileID`, `PowerDisplayID`, `EffectBonusMultiplier_1`, `EffectBonusMultiplier_2`, `EffectBonusMultiplier_3`, `SpellDescriptionVariableID`, `SpellDifficultyID`) VALUES
(200007, 0, 0, 7, 2751463424, 0, 0, 0, 0, 0, 0, 0, 0, 0, 0, 0, 0, 0, 0, 0, 0, 0, 0, 0, 0, 0, 0, 0, 1, 0, 0, 0, 0, 0, 0, 101, 0, 0, 0, 0, 1, 0, 0, 0, 0, 0, 36, 0, 0, 0, 0, 0, 0, 0, 0, 0, 0, 0, 0, 0, 0, 0, 0, 0, 0, 0, 0, 0, -1, 0, 0, 6, 6, 0, 0, 1, 0, 0, 0, 0, 0, 999, 0, 0, 0, 0, 6, 6, 6, 0, 0, 47, 0, 0, 0, 26, 3, 0, 0, 1000, 0, 0, 0, 0, 0, 0, 0, 0, 0, 0, 0, 0, 0, 0, 0, 0, 0, 0, 0, 0, 0, 0, 0, 0, 0, 0, 0, 0, 0, 0, 0, 38, 0, 20, 0, 0, 'Chains of Woe', '', '', '', '', '', '', '', '', '', '', '', '', '', '', '', 0, '', '', '', '', '', '', '', '', '', '', '', '', '', '', '', '', 0, 'Immobilized.', '', '', '', '', '', '', '', '', '', '', '', '', '', '', '', 0, 'Immobilized.', '', '', '', '', '', '', '', '', '', '', '', '', '', '', '', 0, 0, 133, 0, 0, 0, 0, 0, 0, 0, 0, 0, 0, 1, 1, 1, 0, 0, 0, 0, 0, 0, 32, 0, 0, 0, 0, 0, 0, 0, 0);
