-- Rank 1
DELETE FROM `creature_template` WHERE (`entry` = 60002);
INSERT INTO `creature_template` (`entry`, `difficulty_entry_1`, `difficulty_entry_2`, `difficulty_entry_3`, `KillCredit1`, `KillCredit2`, `modelid1`, `modelid2`, `modelid3`, `modelid4`, `name`, `subname`, `IconName`, `gossip_menu_id`, `minlevel`, `maxlevel`, `exp`, `faction`, `npcflag`, `speed_walk`, `speed_run`, `speed_swim`, `speed_flight`, `detection_range`, `scale`, `rank`, `dmgschool`, `DamageModifier`, `BaseAttackTime`, `RangeAttackTime`, `BaseVariance`, `RangeVariance`, `unit_class`, `unit_flags`, `unit_flags2`, `dynamicflags`, `family`, `trainer_type`, `trainer_spell`, `trainer_class`, `trainer_race`, `type`, `type_flags`, `lootid`, `pickpocketloot`, `skinloot`, `PetSpellDataId`, `VehicleId`, `mingold`, `maxgold`, `AIName`, `MovementType`, `HoverHeight`, `HealthModifier`, `ManaModifier`, `ArmorModifier`, `ExperienceModifier`, `RacialLeader`, `movementId`, `RegenHealth`, `mechanic_immune_mask`, `spell_school_immune_mask`, `flags_extra`, `ScriptName`, `VerifiedBuild`) VALUES
(60002, 0, 0, 0, 0, 0, 25390, 0, 0, 0, 'Bob', 'S1 | Rank 1', '', 0, 81, 81, 0, 14, 0, 1.1, 1.25, 1, 1, 10, 1, 1, 0, 10, 0, 0, 0, 0, 1, 0, 0, 0, 46, 0, 0, 0, 0, 1, 0, 0, 0, 0, 0, 0, 0, 0, 'SmartAI', 0, 1, 105, 1, 10, 1, 0, 0, 1, 0, 0, 1074790400, '', 0);
DELETE FROM `smart_scripts` WHERE (`source_type` = 0 AND `entryorguid` = 60002);
INSERT INTO `smart_scripts` (`entryorguid`, `source_type`, `id`, `link`, `event_type`, `event_phase_mask`, `event_chance`, `event_flags`, `event_param1`, `event_param2`, `event_param3`, `event_param4`, `event_param5`, `event_param6`, `action_type`, `action_param1`, `action_param2`, `action_param3`, `action_param4`, `action_param5`, `action_param6`, `target_type`, `target_param1`, `target_param2`, `target_param3`, `target_param4`, `target_x`, `target_y`, `target_z`, `target_o`, `comment`) VALUES
(60002, 0, 0, 0, 0, 0, 100, 0, 5000, 5000, 10000, 10000, 0, 0, 11, 16791, 0, 0, 0, 0, 0, 1, 0, 0, 0, 0, 0, 0, 0, 0, 'Bob - In Combat - Cast \'Furious Anger\''),
(60002, 0, 1, 0, 9, 0, 100, 0, 0, 5000, 7000, 12000, 8, 40, 11, 61174, 0, 0, 0, 0, 0, 2, 0, 0, 0, 0, 0, 0, 0, 0, 'Bob - Within 8-40 Range - Cast \'Slide\''),
(60002, 0, 2, 0, 0, 0, 100, 0, 0, 8000, 12000, 16000, 0, 0, 11, 29578, 32, 0, 0, 0, 0, 2, 0, 0, 0, 0, 0, 0, 0, 0, 'Bob - In Combat - Cast \'Rend\''),
(60002, 0, 3, 0, 2, 0, 100, 0, 20, 25, 0, 0, 0, 0, 11, 37023, 0, 0, 0, 0, 0, 1, 0, 0, 0, 0, 0, 0, 0, 0, 'Bob - Between 20-25% Health - Cast \'Frenzy\' (20% physical)');

DELETE FROM `creature_template` WHERE (`entry` = 60003);
INSERT INTO `creature_template` (`entry`, `difficulty_entry_1`, `difficulty_entry_2`, `difficulty_entry_3`, `KillCredit1`, `KillCredit2`, `modelid1`, `modelid2`, `modelid3`, `modelid4`, `name`, `subname`, `IconName`, `gossip_menu_id`, `minlevel`, `maxlevel`, `exp`, `faction`, `npcflag`, `speed_walk`, `speed_run`, `speed_swim`, `speed_flight`, `detection_range`, `scale`, `rank`, `dmgschool`, `DamageModifier`, `BaseAttackTime`, `RangeAttackTime`, `BaseVariance`, `RangeVariance`, `unit_class`, `unit_flags`, `unit_flags2`, `dynamicflags`, `family`, `trainer_type`, `trainer_spell`, `trainer_class`, `trainer_race`, `type`, `type_flags`, `lootid`, `pickpocketloot`, `skinloot`, `PetSpellDataId`, `VehicleId`, `mingold`, `maxgold`, `AIName`, `MovementType`, `HoverHeight`, `HealthModifier`, `ManaModifier`, `ArmorModifier`, `ExperienceModifier`, `RacialLeader`, `movementId`, `RegenHealth`, `mechanic_immune_mask`, `spell_school_immune_mask`, `flags_extra`, `ScriptName`, `VerifiedBuild`) VALUES
(60003, 0, 0, 0, 0, 0, 682, 0, 0, 0, 'Smiley', 'S1 | Rank 1', '', 0, 81, 81, 0, 14, 0, 1.1, 1.25, 1, 1, 10, 3, 1, 0, 10, 0, 0, 0, 0, 1, 0, 0, 0, 0, 0, 0, 0, 0, 10, 0, 0, 0, 0, 0, 0, 0, 0, 'SmartAI', 0, 1, 105, 1, 10, 1, 0, 0, 1, 0, 0, 1074790400, '', 0);
DELETE FROM `creature_template_addon` WHERE (`entry` = 60003);
INSERT INTO `creature_template_addon` (`entry`, `path_id`, `mount`, `bytes1`, `bytes2`, `emote`, `visibilityDistanceType`, `auras`) VALUES
(60003, 0, 0, 0, 0, 0, 0, '29486');
DELETE FROM `smart_scripts` WHERE (`source_type` = 0 AND `entryorguid` = 60003);
INSERT INTO `smart_scripts` (`entryorguid`, `source_type`, `id`, `link`, `event_type`, `event_phase_mask`, `event_chance`, `event_flags`, `event_param1`, `event_param2`, `event_param3`, `event_param4`, `event_param5`, `event_param6`, `action_type`, `action_param1`, `action_param2`, `action_param3`, `action_param4`, `action_param5`, `action_param6`, `target_type`, `target_param1`, `target_param2`, `target_param3`, `target_param4`, `target_x`, `target_y`, `target_z`, `target_o`, `comment`) VALUES
(60003, 0, 0, 0, 0, 0, 100, 0, 8000, 16000, 16000, 20000, 0, 0, 11, 51137, 0, 0, 0, 0, 0, 2, 0, 0, 0, 0, 0, 0, 0, 0, 'Smiley - In Combat - Cast \'Paralyzing Slime\'');

DELETE FROM `creature_template` WHERE (`entry` = 60004);
INSERT INTO `creature_template` (`entry`, `difficulty_entry_1`, `difficulty_entry_2`, `difficulty_entry_3`, `KillCredit1`, `KillCredit2`, `modelid1`, `modelid2`, `modelid3`, `modelid4`, `name`, `subname`, `IconName`, `gossip_menu_id`, `minlevel`, `maxlevel`, `exp`, `faction`, `npcflag`, `speed_walk`, `speed_run`, `speed_swim`, `speed_flight`, `detection_range`, `scale`, `rank`, `dmgschool`, `DamageModifier`, `BaseAttackTime`, `RangeAttackTime`, `BaseVariance`, `RangeVariance`, `unit_class`, `unit_flags`, `unit_flags2`, `dynamicflags`, `family`, `trainer_type`, `trainer_spell`, `trainer_class`, `trainer_race`, `type`, `type_flags`, `lootid`, `pickpocketloot`, `skinloot`, `PetSpellDataId`, `VehicleId`, `mingold`, `maxgold`, `AIName`, `MovementType`, `HoverHeight`, `HealthModifier`, `ManaModifier`, `ArmorModifier`, `ExperienceModifier`, `RacialLeader`, `movementId`, `RegenHealth`, `mechanic_immune_mask`, `spell_school_immune_mask`, `flags_extra`, `ScriptName`, `VerifiedBuild`) VALUES
(60004, 0, 0, 0, 0, 0, 25558, 0, 0, 0, 'Dungeon Master Billy', 'S1 | Rank 1', '', 0, 81, 81, 0, 14, 0, 1.1, 1.25, 1, 1, 10, 1.5, 1, 0, 10, 0, 0, 0, 0, 1, 0, 0, 0, 0, 0, 0, 0, 0, 7, 0, 0, 0, 0, 0, 0, 0, 0, 'SmartAI', 0, 1, 105, 1, 10, 1, 0, 0, 1, 0, 0, 1074790400, '', 0);
DELETE FROM `smart_scripts` WHERE (`source_type` = 0 AND `entryorguid` = 60004);
INSERT INTO `smart_scripts` (`entryorguid`, `source_type`, `id`, `link`, `event_type`, `event_phase_mask`, `event_chance`, `event_flags`, `event_param1`, `event_param2`, `event_param3`, `event_param4`, `event_param5`, `event_param6`, `action_type`, `action_param1`, `action_param2`, `action_param3`, `action_param4`, `action_param5`, `action_param6`, `target_type`, `target_param1`, `target_param2`, `target_param3`, `target_param4`, `target_x`, `target_y`, `target_z`, `target_o`, `comment`) VALUES
(60004, 0, 0, 0, 9, 0, 100, 0, 0, 5000, 10000, 15000, 5, 30, 11, 49576, 0, 0, 0, 0, 0, 2, 0, 0, 0, 0, 0, 0, 0, 0, 'Dungeon Master Billy - Within 5-30 Range - Cast \'Death Grip\''),
(60004, 0, 1, 0, 9, 0, 100, 0, 6000, 8000, 6000, 12000, 0, 5, 11, 60924, 0, 0, 0, 0, 0, 2, 0, 0, 0, 0, 0, 0, 0, 0, 'Dungeon Master Billy - Within 0-5 Range - Cast \'Lich Slap\''),
(60004, 0, 2, 3, 0, 0, 100, 1, 25000, 50000, 0, 0, 0, 0, 224, 0, 0, 0, 0, 0, 0, 1, 0, 0, 0, 0, 0, 0, 0, 0, 'Dungeon Master Billy - In Combat - Stop Attack (No Repeat)'),
(60004, 0, 3, 4, 61, 0, 100, 0, 0, 0, 0, 0, 0, 0, 5, 94, 0, 0, 0, 0, 0, 1, 0, 0, 0, 0, 0, 0, 0, 0, 'Dungeon Master Billy - In Combat - Play Emote 94 (No Repeat)'),
(60004, 0, 4, 0, 61, 0, 100, 0, 0, 0, 0, 0, 0, 0, 11, 42741, 0, 0, 0, 0, 0, 1, 0, 0, 0, 0, 0, 0, 0, 0, 'Dungeon Master Billy - In Combat - Cast \'Pumped Up!\' (No Repeat)'),
(60004, 0, 5, 6, 22, 0, 100, 1, 17, 1000, 1000, 0, 0, 0, 75, 62537, 0, 0, 0, 0, 0, 1, 0, 0, 0, 0, 0, 0, 0, 0, 'Dungeon Master Billy - Received Emote 17 - Add Aura \'Frog Love\' (No Repeat)'),
(60004, 0, 6, 0, 61, 0, 100, 0, 0, 0, 0, 0, 0, 0, 75, 26034, 0, 0, 0, 0, 0, 1, 0, 0, 0, 0, 0, 0, 0, 0, 'Dungeon Master Billy - Received Emote 17 - Add Aura \'Viscidus Slowed\' (No Repeat)');

DELETE FROM `creature_template` WHERE (`entry` = 60005);
INSERT INTO `creature_template` (`entry`, `difficulty_entry_1`, `difficulty_entry_2`, `difficulty_entry_3`, `KillCredit1`, `KillCredit2`, `modelid1`, `modelid2`, `modelid3`, `modelid4`, `name`, `subname`, `IconName`, `gossip_menu_id`, `minlevel`, `maxlevel`, `exp`, `faction`, `npcflag`, `speed_walk`, `speed_run`, `speed_swim`, `speed_flight`, `detection_range`, `scale`, `rank`, `dmgschool`, `DamageModifier`, `BaseAttackTime`, `RangeAttackTime`, `BaseVariance`, `RangeVariance`, `unit_class`, `unit_flags`, `unit_flags2`, `dynamicflags`, `family`, `trainer_type`, `trainer_spell`, `trainer_class`, `trainer_race`, `type`, `type_flags`, `lootid`, `pickpocketloot`, `skinloot`, `PetSpellDataId`, `VehicleId`, `mingold`, `maxgold`, `AIName`, `MovementType`, `HoverHeight`, `HealthModifier`, `ManaModifier`, `ArmorModifier`, `ExperienceModifier`, `RacialLeader`, `movementId`, `RegenHealth`, `mechanic_immune_mask`, `spell_school_immune_mask`, `flags_extra`, `ScriptName`, `VerifiedBuild`) VALUES
(60005, 0, 0, 0, 0, 0, 15695, 0, 0, 0, 'Zerg', 'S1 | Rank 1', '', 0, 81, 81, 0, 14, 0, 1.1, 1.25, 1, 1, 10, 0.25, 1, 0, 10, 0, 0, 0, 0, 1, 0, 0, 0, 41, 0, 0, 0, 0, 1, 0, 0, 0, 0, 0, 0, 0, 0, 'SmartAI', 0, 1, 105, 1, 10, 1, 0, 0, 1, 0, 0, 1074790400, '', 0);
DELETE FROM `smart_scripts` WHERE (`source_type` = 0 AND `entryorguid` = 60005);
INSERT INTO `smart_scripts` (`entryorguid`, `source_type`, `id`, `link`, `event_type`, `event_phase_mask`, `event_chance`, `event_flags`, `event_param1`, `event_param2`, `event_param3`, `event_param4`, `event_param5`, `event_param6`, `action_type`, `action_param1`, `action_param2`, `action_param3`, `action_param4`, `action_param5`, `action_param6`, `target_type`, `target_param1`, `target_param2`, `target_param3`, `target_param4`, `target_x`, `target_y`, `target_z`, `target_o`, `comment`) VALUES
(60005, 0, 0, 0, 0, 0, 100, 0, 3000, 6000, 3000, 6000, 0, 0, 11, 17470, 0, 0, 0, 0, 0, 2, 0, 0, 0, 0, 0, 0, 0, 0, 'Zerg - In Combat - Cast \'Ravenous Claw\''),
(60005, 0, 1, 0, 0, 0, 100, 0, 0, 8000, 5000, 10000, 0, 0, 11, 54115, 0, 0, 0, 0, 0, 2, 0, 0, 0, 0, 0, 0, 0, 0, 'Zerg - In Combat - Cast \'Blight Crystal Explosion\'');

-- Rank 2
DELETE FROM `creature_template` WHERE (`entry` = 60006);
INSERT INTO `creature_template` (`entry`, `difficulty_entry_1`, `difficulty_entry_2`, `difficulty_entry_3`, `KillCredit1`, `KillCredit2`, `modelid1`, `modelid2`, `modelid3`, `modelid4`, `name`, `subname`, `IconName`, `gossip_menu_id`, `minlevel`, `maxlevel`, `exp`, `faction`, `npcflag`, `speed_walk`, `speed_run`, `speed_swim`, `speed_flight`, `detection_range`, `scale`, `rank`, `dmgschool`, `DamageModifier`, `BaseAttackTime`, `RangeAttackTime`, `BaseVariance`, `RangeVariance`, `unit_class`, `unit_flags`, `unit_flags2`, `dynamicflags`, `family`, `trainer_type`, `trainer_spell`, `trainer_class`, `trainer_race`, `type`, `type_flags`, `lootid`, `pickpocketloot`, `skinloot`, `PetSpellDataId`, `VehicleId`, `mingold`, `maxgold`, `AIName`, `MovementType`, `HoverHeight`, `HealthModifier`, `ManaModifier`, `ArmorModifier`, `ExperienceModifier`, `RacialLeader`, `movementId`, `RegenHealth`, `mechanic_immune_mask`, `spell_school_immune_mask`, `flags_extra`, `ScriptName`, `VerifiedBuild`) VALUES
(60006, 0, 0, 0, 0, 0, 26592, 0, 0, 0, 'Electrified Golem', 'S1 | Rank 2', '', 0, 81, 81, 0, 14, 0, 1.1, 1.25, 1, 1, 10, 1.25, 1, 0, 10, 0, 0, 0, 0, 1, 0, 0, 0, 0, 0, 0, 0, 0, 9, 0, 0, 0, 0, 0, 0, 0, 0, 'SmartAI', 0, 1, 110, 1, 10, 1, 0, 0, 1, 0, 0, 1074790400, '', 0);
DELETE FROM `smart_scripts` WHERE (`source_type` = 0 AND `entryorguid` = 60006);
INSERT INTO `smart_scripts` (`entryorguid`, `source_type`, `id`, `link`, `event_type`, `event_phase_mask`, `event_chance`, `event_flags`, `event_param1`, `event_param2`, `event_param3`, `event_param4`, `event_param5`, `event_param6`, `action_type`, `action_param1`, `action_param2`, `action_param3`, `action_param4`, `action_param5`, `action_param6`, `target_type`, `target_param1`, `target_param2`, `target_param3`, `target_param4`, `target_x`, `target_y`, `target_z`, `target_o`, `comment`) VALUES
(60006, 0, 0, 0, 0, 0, 100, 0, 3000, 7000, 20000, 25000, 0, 0, 11, 55636, 0, 0, 0, 0, 0, 2, 0, 0, 0, 0, 0, 0, 0, 0, 'Electrified Golem - In Combat - Cast \'Shockwave\''),
(60006, 0, 1, 0, 0, 0, 100, 0, 15000, 25000, 25000, 30000, 0, 0, 11, 43362, 0, 0, 0, 0, 0, 2, 0, 0, 0, 0, 0, 0, 0, 0, 'Electrified Golem - In Combat - Cast \'Electrified Net\''),
(60006, 0, 2, 0, 9, 0, 100, 0, 5000, 10000, 12000, 22000, 0, 15, 11, 53071, 0, 0, 0, 0, 0, 2, 0, 0, 0, 0, 0, 0, 0, 0, 'Electrified Golem - Within 0-15 Range - Cast \'Thunderstorm\''),
(60006, 0, 3, 0, 0, 0, 100, 0, 35000, 40000, 40000, 45000, 0, 0, 11, 20542, 0, 0, 0, 0, 0, 2, 0, 0, 0, 0, 0, 0, 0, 0, 'Electrified Golem - In Combat - Cast \'Static Conduit\'');

DELETE FROM `creature_template` WHERE (`entry` = 60007);
INSERT INTO `creature_template` (`entry`, `difficulty_entry_1`, `difficulty_entry_2`, `difficulty_entry_3`, `KillCredit1`, `KillCredit2`, `modelid1`, `modelid2`, `modelid3`, `modelid4`, `name`, `subname`, `IconName`, `gossip_menu_id`, `minlevel`, `maxlevel`, `exp`, `faction`, `npcflag`, `speed_walk`, `speed_run`, `speed_swim`, `speed_flight`, `detection_range`, `scale`, `rank`, `dmgschool`, `DamageModifier`, `BaseAttackTime`, `RangeAttackTime`, `BaseVariance`, `RangeVariance`, `unit_class`, `unit_flags`, `unit_flags2`, `dynamicflags`, `family`, `trainer_type`, `trainer_spell`, `trainer_class`, `trainer_race`, `type`, `type_flags`, `lootid`, `pickpocketloot`, `skinloot`, `PetSpellDataId`, `VehicleId`, `mingold`, `maxgold`, `AIName`, `MovementType`, `HoverHeight`, `HealthModifier`, `ManaModifier`, `ArmorModifier`, `ExperienceModifier`, `RacialLeader`, `movementId`, `RegenHealth`, `mechanic_immune_mask`, `spell_school_immune_mask`, `flags_extra`, `ScriptName`, `VerifiedBuild`) VALUES
(60007, 0, 0, 0, 0, 0, 6977, 0, 0, 0, 'Bomb Bot', 'S1 | Rank 2', '', 0, 81, 81, 0, 14, 0, 1.1, 0.5, 1, 1, 10, 1, 1, 0, 8, 0, 0, 0, 0, 1, 0, 0, 0, 0, 0, 0, 0, 0, 9, 0, 0, 0, 0, 0, 0, 0, 0, 'SmartAI', 0, 1, 110, 1, 10, 1, 0, 0, 1, 0, 0, 1074790400, '', 0);
DELETE FROM `smart_scripts` WHERE (`source_type` = 0 AND `entryorguid` = 60007);
INSERT INTO `smart_scripts` (`entryorguid`, `source_type`, `id`, `link`, `event_type`, `event_phase_mask`, `event_chance`, `event_flags`, `event_param1`, `event_param2`, `event_param3`, `event_param4`, `event_param5`, `event_param6`, `action_type`, `action_param1`, `action_param2`, `action_param3`, `action_param4`, `action_param5`, `action_param6`, `target_type`, `target_param1`, `target_param2`, `target_param3`, `target_param4`, `target_x`, `target_y`, `target_z`, `target_o`, `comment`) VALUES
(60007, 0, 0, 0, 0, 0, 100, 0, 1000, 5000, 1000, 5000, 0, 0, 11, 35276, 2, 0, 0, 0, 0, 2, 0, 0, 0, 0, 0, 0, 0, 0, 'Bomb Bot - In Combat - Cast \'Throw Dynamite\'');

DELETE FROM `creature_template` WHERE (`entry` = 60008);
INSERT INTO `creature_template` (`entry`, `difficulty_entry_1`, `difficulty_entry_2`, `difficulty_entry_3`, `KillCredit1`, `KillCredit2`, `modelid1`, `modelid2`, `modelid3`, `modelid4`, `name`, `subname`, `IconName`, `gossip_menu_id`, `minlevel`, `maxlevel`, `exp`, `faction`, `npcflag`, `speed_walk`, `speed_run`, `speed_swim`, `speed_flight`, `detection_range`, `scale`, `rank`, `dmgschool`, `DamageModifier`, `BaseAttackTime`, `RangeAttackTime`, `BaseVariance`, `RangeVariance`, `unit_class`, `unit_flags`, `unit_flags2`, `dynamicflags`, `family`, `trainer_type`, `trainer_spell`, `trainer_class`, `trainer_race`, `type`, `type_flags`, `lootid`, `pickpocketloot`, `skinloot`, `PetSpellDataId`, `VehicleId`, `mingold`, `maxgold`, `AIName`, `MovementType`, `HoverHeight`, `HealthModifier`, `ManaModifier`, `ArmorModifier`, `ExperienceModifier`, `RacialLeader`, `movementId`, `RegenHealth`, `mechanic_immune_mask`, `spell_school_immune_mask`, `flags_extra`, `ScriptName`, `VerifiedBuild`) VALUES
(60008, 0, 0, 0, 0, 0, 26937, 0, 0, 0, 'Projection Unit', 'S1 | Rank 2', '', 0, 81, 81, 0, 14, 0, 1.1, 0.2, 1, 1, 10, 1.25, 1, 0, 10, 0, 0, 0, 0, 2, 0, 0, 0, 0, 0, 0, 0, 0, 9, 0, 0, 0, 0, 0, 0, 0, 0, 'SmartAI', 0, 1, 100, 1, 10, 1, 0, 223, 1, 0, 0, 1074790400, '', 0);
DELETE FROM `creature_template_addon` WHERE (`entry` = 60008);
INSERT INTO `creature_template_addon` (`entry`, `path_id`, `mount`, `bytes1`, `bytes2`, `emote`, `visibilityDistanceType`, `auras`) VALUES
(60008, 0, 0, 50331648, 1, 0, 0, '');
DELETE FROM `smart_scripts` WHERE (`source_type` = 0 AND `entryorguid` = 60008);
INSERT INTO `smart_scripts` (`entryorguid`, `source_type`, `id`, `link`, `event_type`, `event_phase_mask`, `event_chance`, `event_flags`, `event_param1`, `event_param2`, `event_param3`, `event_param4`, `event_param5`, `event_param6`, `action_type`, `action_param1`, `action_param2`, `action_param3`, `action_param4`, `action_param5`, `action_param6`, `target_type`, `target_param1`, `target_param2`, `target_param3`, `target_param4`, `target_x`, `target_y`, `target_z`, `target_o`, `comment`) VALUES
(60008, 0, 0, 0, 0, 0, 100, 0, 0, 10000, 3000, 10000, 0, 0, 11, 47751, 0, 0, 0, 0, 0, 2, 0, 0, 0, 0, 0, 0, 0, 0, 'Projection Unit - In Combat - Cast \'Spark\''),
(60008, 0, 1, 0, 0, 0, 100, 0, 2000, 2000, 2000, 3000, 0, 0, 12, 60010, 3, 10000, 1, 0, 0, 2, 0, 0, 0, 0, 0, 0, 0, 0, 'Projection Unit - In Combat - Summon Creature \'Projection Unit\''),
(60008, 0, 2, 0, 6, 0, 100, 0, 0, 0, 0, 0, 0, 0, 41, 0, 0, 0, 0, 0, 0, 9, 60010, 0, 50, 0, 0, 0, 0, 0, 'Projection Unit - On Just Died - Despawn Instant');

DELETE FROM `creature_template` WHERE (`entry` = 60010);
INSERT INTO `creature_template` (`entry`, `difficulty_entry_1`, `difficulty_entry_2`, `difficulty_entry_3`, `KillCredit1`, `KillCredit2`, `modelid1`, `modelid2`, `modelid3`, `modelid4`, `name`, `subname`, `IconName`, `gossip_menu_id`, `minlevel`, `maxlevel`, `exp`, `faction`, `npcflag`, `speed_walk`, `speed_run`, `speed_swim`, `speed_flight`, `detection_range`, `scale`, `rank`, `dmgschool`, `DamageModifier`, `BaseAttackTime`, `RangeAttackTime`, `BaseVariance`, `RangeVariance`, `unit_class`, `unit_flags`, `unit_flags2`, `dynamicflags`, `family`, `trainer_type`, `trainer_spell`, `trainer_class`, `trainer_race`, `type`, `type_flags`, `lootid`, `pickpocketloot`, `skinloot`, `PetSpellDataId`, `VehicleId`, `mingold`, `maxgold`, `AIName`, `MovementType`, `HoverHeight`, `HealthModifier`, `ManaModifier`, `ArmorModifier`, `ExperienceModifier`, `RacialLeader`, `movementId`, `RegenHealth`, `mechanic_immune_mask`, `spell_school_immune_mask`, `flags_extra`, `ScriptName`, `VerifiedBuild`) VALUES
(60010, 0, 0, 0, 0, 0, 26937, 0, 0, 0, 'Projection Unit', '', '', 0, 81, 81, 0, 14, 0, 1.1, 1.25, 1, 1, 10, 1.25, 1, 0, 2, 0, 0, 0, 0, 1, 0, 0, 0, 0, 0, 0, 0, 0, 9, 0, 0, 0, 0, 0, 0, 0, 0, '', 0, 2, 1, 1, 10, 1, 0, 0, 1, 0, 0, 1074790400, '', 0);

DELETE FROM `creature_template` WHERE (`entry` = 60009);
INSERT INTO `creature_template` (`entry`, `difficulty_entry_1`, `difficulty_entry_2`, `difficulty_entry_3`, `KillCredit1`, `KillCredit2`, `modelid1`, `modelid2`, `modelid3`, `modelid4`, `name`, `subname`, `IconName`, `gossip_menu_id`, `minlevel`, `maxlevel`, `exp`, `faction`, `npcflag`, `speed_walk`, `speed_run`, `speed_swim`, `speed_flight`, `detection_range`, `scale`, `rank`, `dmgschool`, `DamageModifier`, `BaseAttackTime`, `RangeAttackTime`, `BaseVariance`, `RangeVariance`, `unit_class`, `unit_flags`, `unit_flags2`, `dynamicflags`, `family`, `trainer_type`, `trainer_spell`, `trainer_class`, `trainer_race`, `type`, `type_flags`, `lootid`, `pickpocketloot`, `skinloot`, `PetSpellDataId`, `VehicleId`, `mingold`, `maxgold`, `AIName`, `MovementType`, `HoverHeight`, `HealthModifier`, `ManaModifier`, `ArmorModifier`, `ExperienceModifier`, `RacialLeader`, `movementId`, `RegenHealth`, `mechanic_immune_mask`, `spell_school_immune_mask`, `flags_extra`, `ScriptName`, `VerifiedBuild`) VALUES
(60009, 0, 0, 0, 0, 0, 5240, 0, 0, 0, 'King Dash', 'S1 | Rank 2', '', 0, 81, 81, 0, 14, 0, 1.1, 0.75, 1, 1, 10, 0.5, 1, 0, 12, 0, 0, 0, 0, 1, 0, 0, 0, 0, 0, 0, 0, 0, 1, 0, 0, 0, 0, 0, 0, 0, 0, 'SmartAI', 0, 1, 110, 1, 10, 1, 0, 0, 1, 0, 0, 1074790400, '', 0);
DELETE FROM `creature_template_addon` WHERE (`entry` = 60009);
INSERT INTO `creature_template_addon` (`entry`, `path_id`, `mount`, `bytes1`, `bytes2`, `emote`, `visibilityDistanceType`, `auras`) VALUES
(60009, 0, 0, 0, 0, 0, 0, '25039');

-- Rank 3
DELETE FROM `creature_template` WHERE (`entry` = 60011);
INSERT INTO `creature_template` (`entry`, `difficulty_entry_1`, `difficulty_entry_2`, `difficulty_entry_3`, `KillCredit1`, `KillCredit2`, `modelid1`, `modelid2`, `modelid3`, `modelid4`, `name`, `subname`, `IconName`, `gossip_menu_id`, `minlevel`, `maxlevel`, `exp`, `faction`, `npcflag`, `speed_walk`, `speed_run`, `speed_swim`, `speed_flight`, `detection_range`, `scale`, `rank`, `dmgschool`, `DamageModifier`, `BaseAttackTime`, `RangeAttackTime`, `BaseVariance`, `RangeVariance`, `unit_class`, `unit_flags`, `unit_flags2`, `dynamicflags`, `family`, `trainer_type`, `trainer_spell`, `trainer_class`, `trainer_race`, `type`, `type_flags`, `lootid`, `pickpocketloot`, `skinloot`, `PetSpellDataId`, `VehicleId`, `mingold`, `maxgold`, `AIName`, `MovementType`, `HoverHeight`, `HealthModifier`, `ManaModifier`, `ArmorModifier`, `ExperienceModifier`, `RacialLeader`, `movementId`, `RegenHealth`, `mechanic_immune_mask`, `spell_school_immune_mask`, `flags_extra`, `ScriptName`, `VerifiedBuild`) VALUES
(60011, 0, 0, 0, 0, 0, 28010, 0, 0, 0, 'Mazhareen', 'S1 | Rank 3', '', 0, 81, 81, 0, 14, 0, 1.1, 1.2, 1, 1, 10, 0.8, 1, 0, 12, 0, 0, 0, 0, 1, 0, 0, 0, 0, 0, 0, 0, 0, 1, 0, 0, 0, 0, 0, 0, 0, 0, 'SmartAI', 0, 1, 115, 1, 10, 1, 0, 0, 1, 0, 0, 1074790400, '', 0);
DELETE FROM `smart_scripts` WHERE (`source_type` = 0 AND `entryorguid` = 60011);
INSERT INTO `smart_scripts` (`entryorguid`, `source_type`, `id`, `link`, `event_type`, `event_phase_mask`, `event_chance`, `event_flags`, `event_param1`, `event_param2`, `event_param3`, `event_param4`, `event_param5`, `event_param6`, `action_type`, `action_param1`, `action_param2`, `action_param3`, `action_param4`, `action_param5`, `action_param6`, `target_type`, `target_param1`, `target_param2`, `target_param3`, `target_param4`, `target_x`, `target_y`, `target_z`, `target_o`, `comment`) VALUES
(60011, 0, 0, 0, 0, 0, 100, 0, 2000, 2000, 2000, 2000, 0, 0, 11, 50713, 0, 0, 0, 0, 0, 1, 0, 0, 0, 0, 0, 0, 0, 0, 'Mazhareen - In Combat - Cast \'Unrelenting Onslaught\''),
(60011, 0, 1, 0, 2, 0, 100, 0, 0, 25, 24000, 24000, 0, 0, 11, 52968, 2, 0, 0, 0, 0, 1, 0, 0, 0, 0, 0, 0, 0, 0, 'Mazhareen - Between 0-25% Health - Cast \'Heartblood Rage\''),
(60011, 0, 2, 0, 23, 0, 100, 0, 50713, 20, 5000, 7000, 0, 0, 11, 59840, 0, 0, 0, 0, 0, 2, 0, 0, 0, 0, 0, 0, 0, 0, 'Mazhareen - On Aura \'Unrelenting Onslaught\' (20 stacks) - Cast \'Powerful Bite\'');

DELETE FROM `creature_template` WHERE (`entry` = 60012);
INSERT INTO `creature_template` (`entry`, `difficulty_entry_1`, `difficulty_entry_2`, `difficulty_entry_3`, `KillCredit1`, `KillCredit2`, `modelid1`, `modelid2`, `modelid3`, `modelid4`, `name`, `subname`, `IconName`, `gossip_menu_id`, `minlevel`, `maxlevel`, `exp`, `faction`, `npcflag`, `speed_walk`, `speed_run`, `speed_swim`, `speed_flight`, `detection_range`, `scale`, `rank`, `dmgschool`, `DamageModifier`, `BaseAttackTime`, `RangeAttackTime`, `BaseVariance`, `RangeVariance`, `unit_class`, `unit_flags`, `unit_flags2`, `dynamicflags`, `family`, `trainer_type`, `trainer_spell`, `trainer_class`, `trainer_race`, `type`, `type_flags`, `lootid`, `pickpocketloot`, `skinloot`, `PetSpellDataId`, `VehicleId`, `mingold`, `maxgold`, `AIName`, `MovementType`, `HoverHeight`, `HealthModifier`, `ManaModifier`, `ArmorModifier`, `ExperienceModifier`, `RacialLeader`, `movementId`, `RegenHealth`, `mechanic_immune_mask`, `spell_school_immune_mask`, `flags_extra`, `ScriptName`, `VerifiedBuild`) VALUES
(60012, 0, 0, 0, 0, 0, 26304, 0, 0, 0, 'Gorenog', 'S1 | Rank 3', '', 0, 81, 81, 0, 14, 0, 1.1, 1.2, 1, 1, 10, 1.5, 1, 0, 12, 0, 0, 0, 0, 1, 0, 0, 0, 0, 0, 0, 0, 0, 1, 0, 0, 0, 0, 0, 0, 0, 0, 'SmartAI', 0, 1, 115, 1, 10, 1, 0, 0, 1, 0, 0, 1074790400, '', 0);
DELETE FROM `smart_scripts` WHERE (`source_type` = 0 AND `entryorguid` = 60012);
INSERT INTO `smart_scripts` (`entryorguid`, `source_type`, `id`, `link`, `event_type`, `event_phase_mask`, `event_chance`, `event_flags`, `event_param1`, `event_param2`, `event_param3`, `event_param4`, `event_param5`, `event_param6`, `action_type`, `action_param1`, `action_param2`, `action_param3`, `action_param4`, `action_param5`, `action_param6`, `target_type`, `target_param1`, `target_param2`, `target_param3`, `target_param4`, `target_x`, `target_y`, `target_z`, `target_o`, `comment`) VALUES
(60012, 0, 0, 0, 9, 0, 100, 0, 1000, 3000, 3000, 4000, 5, 30, 11, 55982, 0, 0, 0, 0, 0, 2, 0, 0, 0, 0, 0, 0, 0, 0, 'Mazhareen - Within 5-30 Range - Cast \'Mammoth Charge\''),
(60012, 0, 1, 0, 0, 0, 100, 0, 12000, 20000, 12000, 20000, 0, 0, 11, 62331, 32, 0, 0, 0, 0, 2, 0, 0, 0, 0, 0, 0, 0, 0, 'Gorenog - In Combat - Cast \'Impale\'');

DELETE FROM `creature_template` WHERE (`entry` = 60013);
INSERT INTO `creature_template` (`entry`, `difficulty_entry_1`, `difficulty_entry_2`, `difficulty_entry_3`, `KillCredit1`, `KillCredit2`, `modelid1`, `modelid2`, `modelid3`, `modelid4`, `name`, `subname`, `IconName`, `gossip_menu_id`, `minlevel`, `maxlevel`, `exp`, `faction`, `npcflag`, `speed_walk`, `speed_run`, `speed_swim`, `speed_flight`, `detection_range`, `scale`, `rank`, `dmgschool`, `DamageModifier`, `BaseAttackTime`, `RangeAttackTime`, `BaseVariance`, `RangeVariance`, `unit_class`, `unit_flags`, `unit_flags2`, `dynamicflags`, `family`, `trainer_type`, `trainer_spell`, `trainer_class`, `trainer_race`, `type`, `type_flags`, `lootid`, `pickpocketloot`, `skinloot`, `PetSpellDataId`, `VehicleId`, `mingold`, `maxgold`, `AIName`, `MovementType`, `HoverHeight`, `HealthModifier`, `ManaModifier`, `ArmorModifier`, `ExperienceModifier`, `RacialLeader`, `movementId`, `RegenHealth`, `mechanic_immune_mask`, `spell_school_immune_mask`, `flags_extra`, `ScriptName`, `VerifiedBuild`) VALUES
(60013, 0, 0, 0, 0, 0, 17864, 0, 0, 0, 'Darkfeather', 'S1 | Rank 3', '', 0, 81, 81, 0, 14, 0, 1.1, 1.2, 1, 1, 10, 1, 1, 0, 12, 0, 0, 0, 0, 1, 0, 0, 0, 0, 0, 0, 0, 0, 7, 0, 0, 0, 0, 0, 0, 0, 0, 'SmartAI', 0, 1, 115, 1, 10, 1, 0, 0, 1, 0, 0, 1074790400, '', 0);
DELETE FROM `smart_scripts` WHERE (`source_type` = 0 AND `entryorguid` = 60013);
INSERT INTO `smart_scripts` (`entryorguid`, `source_type`, `id`, `link`, `event_type`, `event_phase_mask`, `event_chance`, `event_flags`, `event_param1`, `event_param2`, `event_param3`, `event_param4`, `event_param5`, `event_param6`, `action_type`, `action_param1`, `action_param2`, `action_param3`, `action_param4`, `action_param5`, `action_param6`, `target_type`, `target_param1`, `target_param2`, `target_param3`, `target_param4`, `target_x`, `target_y`, `target_z`, `target_o`, `comment`) VALUES
(60013, 0, 0, 0, 0, 0, 100, 0, 10000, 15000, 10000, 15000, 0, 0, 11, 61672, 0, 0, 0, 0, 0, 2, 0, 0, 0, 0, 0, 0, 0, 0, 'Darkfeather - In Combat - Cast \'Choking Cloud\''),
(60013, 0, 1, 0, 0, 0, 100, 0, 2000, 2000, 2000, 2000, 0, 0, 11, 56891, 64, 0, 0, 0, 0, 2, 0, 0, 0, 0, 0, 0, 0, 0, 'Darkfeather - In Combat - Cast \'Lightning Bolt\''),
(60013, 0, 2, 0, 0, 0, 100, 0, 10000, 15000, 10000, 15000, 0, 0, 11, 37332, 0, 0, 0, 0, 0, 2, 0, 0, 0, 0, 0, 0, 0, 0, 'Darkfeather - In Combat - Cast \'Frost Shock\'');

DELETE FROM `creature_template` WHERE (`entry` = 60014);
INSERT INTO `creature_template` (`entry`, `difficulty_entry_1`, `difficulty_entry_2`, `difficulty_entry_3`, `KillCredit1`, `KillCredit2`, `modelid1`, `modelid2`, `modelid3`, `modelid4`, `name`, `subname`, `IconName`, `gossip_menu_id`, `minlevel`, `maxlevel`, `exp`, `faction`, `npcflag`, `speed_walk`, `speed_run`, `speed_swim`, `speed_flight`, `detection_range`, `scale`, `rank`, `dmgschool`, `DamageModifier`, `BaseAttackTime`, `RangeAttackTime`, `BaseVariance`, `RangeVariance`, `unit_class`, `unit_flags`, `unit_flags2`, `dynamicflags`, `family`, `trainer_type`, `trainer_spell`, `trainer_class`, `trainer_race`, `type`, `type_flags`, `lootid`, `pickpocketloot`, `skinloot`, `PetSpellDataId`, `VehicleId`, `mingold`, `maxgold`, `AIName`, `MovementType`, `HoverHeight`, `HealthModifier`, `ManaModifier`, `ArmorModifier`, `ExperienceModifier`, `RacialLeader`, `movementId`, `RegenHealth`, `mechanic_immune_mask`, `spell_school_immune_mask`, `flags_extra`, `ScriptName`, `VerifiedBuild`) VALUES
(60014, 0, 0, 0, 0, 0, 30414, 0, 0, 0, 'Ming Li', 'S1 | Rank 3', '', 0, 81, 81, 0, 14, 0, 1.1, 1.2, 1, 1, 10, 2.5, 1, 0, 12, 0, 0, 0, 0, 1, 0, 0, 0, 0, 0, 0, 0, 0, 1, 0, 0, 0, 0, 0, 0, 0, 0, 'SmartAI', 0, 1, 115, 1, 10, 1, 0, 0, 1, 0, 0, 1074790400, '', 0);
DELETE FROM `smart_scripts` WHERE (`source_type` = 0 AND `entryorguid` = 60014);
INSERT INTO `smart_scripts` (`entryorguid`, `source_type`, `id`, `link`, `event_type`, `event_phase_mask`, `event_chance`, `event_flags`, `event_param1`, `event_param2`, `event_param3`, `event_param4`, `event_param5`, `event_param6`, `action_type`, `action_param1`, `action_param2`, `action_param3`, `action_param4`, `action_param5`, `action_param6`, `target_type`, `target_param1`, `target_param2`, `target_param3`, `target_param4`, `target_x`, `target_y`, `target_z`, `target_o`, `comment`) VALUES
(60014, 0, 0, 0, 0, 0, 100, 0, 30000, 40000, 30000, 40000, 0, 0, 11, 63784, 2, 0, 0, 0, 0, 1, 0, 0, 0, 0, 0, 0, 0, 0, 'Ming Li - In Combat - Cast \'Bladestorm\''),
(60014, 0, 1, 0, 0, 0, 100, 0, 5000, 7000, 5000, 7000, 0, 0, 11, 49648, 0, 0, 0, 0, 0, 2, 0, 0, 0, 0, 0, 0, 0, 0, 'Ming Li - In Combat - Cast \'Summon Fissure\''),
(60014, 0, 2, 0, 0, 0, 100, 0, 12000, 20000, 12000, 20000, 0, 0, 11, 25322, 0, 0, 0, 0, 0, 2, 0, 0, 0, 0, 0, 0, 0, 0, 'Ming Li - In Combat - Cast \'Sweeping Slam\'');

-- Rank 4
DELETE FROM `creature_template` WHERE (`entry` = 60015);
INSERT INTO `creature_template` (`entry`, `difficulty_entry_1`, `difficulty_entry_2`, `difficulty_entry_3`, `KillCredit1`, `KillCredit2`, `modelid1`, `modelid2`, `modelid3`, `modelid4`, `name`, `subname`, `IconName`, `gossip_menu_id`, `minlevel`, `maxlevel`, `exp`, `faction`, `npcflag`, `speed_walk`, `speed_run`, `speed_swim`, `speed_flight`, `detection_range`, `scale`, `rank`, `dmgschool`, `DamageModifier`, `BaseAttackTime`, `RangeAttackTime`, `BaseVariance`, `RangeVariance`, `unit_class`, `unit_flags`, `unit_flags2`, `dynamicflags`, `family`, `trainer_type`, `trainer_spell`, `trainer_class`, `trainer_race`, `type`, `type_flags`, `lootid`, `pickpocketloot`, `skinloot`, `PetSpellDataId`, `VehicleId`, `mingold`, `maxgold`, `AIName`, `MovementType`, `HoverHeight`, `HealthModifier`, `ManaModifier`, `ArmorModifier`, `ExperienceModifier`, `RacialLeader`, `movementId`, `RegenHealth`, `mechanic_immune_mask`, `spell_school_immune_mask`, `flags_extra`, `ScriptName`, `VerifiedBuild`) VALUES
(60015, 0, 0, 0, 0, 0, 22486, 0, 0, 0, 'Crash', 'S1 | Rank 4', '', 0, 81, 81, 0, 14, 0, 1.1, 1.2, 1, 1, 10, 1, 1, 0, 12, 0, 0, 0, 0, 1, 0, 0, 0, 0, 0, 0, 0, 0, 1, 0, 0, 0, 0, 0, 0, 0, 0, '', 0, 1, 240, 1, 10, 1, 0, 0, 1, 549666683, 0, 1074790400, 'bguild_crash', 0);

DELETE FROM `creature_template` WHERE (`entry` = 60016);
INSERT INTO `creature_template` (`entry`, `difficulty_entry_1`, `difficulty_entry_2`, `difficulty_entry_3`, `KillCredit1`, `KillCredit2`, `modelid1`, `modelid2`, `modelid3`, `modelid4`, `name`, `subname`, `IconName`, `gossip_menu_id`, `minlevel`, `maxlevel`, `exp`, `faction`, `npcflag`, `speed_walk`, `speed_run`, `speed_swim`, `speed_flight`, `detection_range`, `scale`, `rank`, `dmgschool`, `DamageModifier`, `BaseAttackTime`, `RangeAttackTime`, `BaseVariance`, `RangeVariance`, `unit_class`, `unit_flags`, `unit_flags2`, `dynamicflags`, `family`, `trainer_type`, `trainer_spell`, `trainer_class`, `trainer_race`, `type`, `type_flags`, `lootid`, `pickpocketloot`, `skinloot`, `PetSpellDataId`, `VehicleId`, `mingold`, `maxgold`, `AIName`, `MovementType`, `HoverHeight`, `HealthModifier`, `ManaModifier`, `ArmorModifier`, `ExperienceModifier`, `RacialLeader`, `movementId`, `RegenHealth`, `mechanic_immune_mask`, `spell_school_immune_mask`, `flags_extra`, `ScriptName`, `VerifiedBuild`) VALUES
(60016, 0, 0, 0, 0, 0, 7274, 0, 0, 0, 'Illaria the Illusionist', 'S1 | Rank 4', '', 0, 81, 81, 0, 14, 0, 1.1, 1.2, 1, 1, 10, 1, 1, 0, 5, 0, 0, 0, 0, 8, 0, 0, 0, 0, 0, 0, 0, 0, 7, 0, 0, 0, 0, 0, 0, 0, 0, 'SmartAI', 0, 1, 120, 10, 10, 1, 0, 0, 1, 0, 0, 1074790400, '', 0);
DELETE FROM `smart_scripts` WHERE (`source_type` = 0 AND `entryorguid` = 60016);
INSERT INTO `smart_scripts` (`entryorguid`, `source_type`, `id`, `link`, `event_type`, `event_phase_mask`, `event_chance`, `event_flags`, `event_param1`, `event_param2`, `event_param3`, `event_param4`, `event_param5`, `event_param6`, `action_type`, `action_param1`, `action_param2`, `action_param3`, `action_param4`, `action_param5`, `action_param6`, `target_type`, `target_param1`, `target_param2`, `target_param3`, `target_param4`, `target_x`, `target_y`, `target_z`, `target_o`, `comment`) VALUES
(60016, 0, 0, 0, 0, 0, 100, 0, 0, 0, 2500, 2500, 0, 0, 11, 42894, 64, 0, 0, 0, 0, 2, 0, 0, 0, 0, 0, 0, 0, 0, 'Illaria the Illusionist - In Combat - Cast \'Arcane Blast\''),
(60016, 0, 1, 0, 0, 0, 100, 0, 10000, 10000, 10000, 10000, 0, 0, 12, 60019, 3, 30000, 1, 0, 0, 2, 0, 0, 0, 0, 0, 0, 0, 0, 'Illaria the Illusionist - In Combat - Summon Creature \'Illaria the Illusionist\''),
(60016, 0, 2, 0, 6, 0, 100, 0, 0, 0, 0, 0, 0, 0, 41, 0, 0, 0, 0, 0, 0, 204, 60019, 0, 0, 0, 0, 0, 0, 0, 'Illaria the Illusionist - On Just Died - Despawn Instant'),
(60016, 0, 3, 0, 11, 0, 100, 0, 0, 0, 0, 0, 0, 0, 11, 22581, 2, 0, 0, 0, 0, 1, 0, 0, 0, 0, 0, 0, 0, 0, 'Illaria the Illusionist - On Respawn - Cast \'Glowy (Purple)\'');

DELETE FROM `creature_template` WHERE (`entry` = 60017);
INSERT INTO `creature_template` (`entry`, `difficulty_entry_1`, `difficulty_entry_2`, `difficulty_entry_3`, `KillCredit1`, `KillCredit2`, `modelid1`, `modelid2`, `modelid3`, `modelid4`, `name`, `subname`, `IconName`, `gossip_menu_id`, `minlevel`, `maxlevel`, `exp`, `faction`, `npcflag`, `speed_walk`, `speed_run`, `speed_swim`, `speed_flight`, `detection_range`, `scale`, `rank`, `dmgschool`, `DamageModifier`, `BaseAttackTime`, `RangeAttackTime`, `BaseVariance`, `RangeVariance`, `unit_class`, `unit_flags`, `unit_flags2`, `dynamicflags`, `family`, `trainer_type`, `trainer_spell`, `trainer_class`, `trainer_race`, `type`, `type_flags`, `lootid`, `pickpocketloot`, `skinloot`, `PetSpellDataId`, `VehicleId`, `mingold`, `maxgold`, `AIName`, `MovementType`, `HoverHeight`, `HealthModifier`, `ManaModifier`, `ArmorModifier`, `ExperienceModifier`, `RacialLeader`, `movementId`, `RegenHealth`, `mechanic_immune_mask`, `spell_school_immune_mask`, `flags_extra`, `ScriptName`, `VerifiedBuild`) VALUES
(60017, 0, 0, 0, 0, 0, 30076, 0, 0, 0, 'Circuitron', 'S1 | Rank 4', '', 0, 81, 81, 0, 14, 0, 1.1, 1.2, 1, 1, 10, 1, 1, 0, 12, 0, 0, 0, 0, 1, 0, 0, 0, 0, 0, 0, 0, 0, 9, 0, 0, 0, 0, 0, 0, 0, 0, 'SmartAI', 0, 1, 120, 1, 10, 1, 0, 0, 1, 0, 0, 1074790400, '', 0);
DELETE FROM `smart_scripts` WHERE (`source_type` = 0 AND `entryorguid` = 60017);
INSERT INTO `smart_scripts` (`entryorguid`, `source_type`, `id`, `link`, `event_type`, `event_phase_mask`, `event_chance`, `event_flags`, `event_param1`, `event_param2`, `event_param3`, `event_param4`, `event_param5`, `event_param6`, `action_type`, `action_param1`, `action_param2`, `action_param3`, `action_param4`, `action_param5`, `action_param6`, `target_type`, `target_param1`, `target_param2`, `target_param3`, `target_param4`, `target_x`, `target_y`, `target_z`, `target_o`, `comment`) VALUES
(60017, 0, 0, 0, 0, 0, 100, 0, 7000, 12000, 7000, 12000, 0, 0, 11, 69021, 0, 0, 0, 0, 0, 2, 0, 0, 0, 0, 0, 0, 0, 0, 'Circuitron - In Combat - Cast \'Mighty Kick\''),
(60017, 0, 1, 0, 2, 0, 100, 0, 0, 50, 10000, 10000, 0, 0, 11, 34619, 2, 0, 0, 0, 0, 1, 0, 0, 0, 0, 0, 0, 0, 0, 'Circuitron - Between 0-50% Health - Cast \'Repair\''),
(60017, 0, 2, 0, 23, 0, 100, 0, 34619, 1, 2500, 2500, 0, 0, 11, 19712, 0, 0, 0, 0, 0, 1, 0, 0, 0, 0, 0, 0, 0, 0, 'Circuitron - On Aura \'Repair\' - Cast \'Arcane Explosion\'');

DELETE FROM `creature_template` WHERE (`entry` = 60018);
INSERT INTO `creature_template` (`entry`, `difficulty_entry_1`, `difficulty_entry_2`, `difficulty_entry_3`, `KillCredit1`, `KillCredit2`, `modelid1`, `modelid2`, `modelid3`, `modelid4`, `name`, `subname`, `IconName`, `gossip_menu_id`, `minlevel`, `maxlevel`, `exp`, `faction`, `npcflag`, `speed_walk`, `speed_run`, `speed_swim`, `speed_flight`, `detection_range`, `scale`, `rank`, `dmgschool`, `DamageModifier`, `BaseAttackTime`, `RangeAttackTime`, `BaseVariance`, `RangeVariance`, `unit_class`, `unit_flags`, `unit_flags2`, `dynamicflags`, `family`, `trainer_type`, `trainer_spell`, `trainer_class`, `trainer_race`, `type`, `type_flags`, `lootid`, `pickpocketloot`, `skinloot`, `PetSpellDataId`, `VehicleId`, `mingold`, `maxgold`, `AIName`, `MovementType`, `HoverHeight`, `HealthModifier`, `ManaModifier`, `ArmorModifier`, `ExperienceModifier`, `RacialLeader`, `movementId`, `RegenHealth`, `mechanic_immune_mask`, `spell_school_immune_mask`, `flags_extra`, `ScriptName`, `VerifiedBuild`) VALUES
(60018, 0, 0, 0, 0, 0, 12193, 0, 0, 0, 'Terror', 'S1 | Rank 4', '', 0, 81, 81, 0, 14, 0, 1.1, 1.2, 1, 1, 10, 2, 1, 0, 12, 0, 0, 0, 0, 1, 0, 0, 0, 0, 0, 0, 0, 0, 1, 0, 0, 0, 0, 0, 0, 0, 0, 'SmartAI', 0, 1, 120, 1, 10, 1, 0, 0, 1, 0, 0, 1074790400, '', 0);
DELETE FROM `smart_scripts` WHERE (`source_type` = 0 AND `entryorguid` = 60018);
INSERT INTO `smart_scripts` (`entryorguid`, `source_type`, `id`, `link`, `event_type`, `event_phase_mask`, `event_chance`, `event_flags`, `event_param1`, `event_param2`, `event_param3`, `event_param4`, `event_param5`, `event_param6`, `action_type`, `action_param1`, `action_param2`, `action_param3`, `action_param4`, `action_param5`, `action_param6`, `target_type`, `target_param1`, `target_param2`, `target_param3`, `target_param4`, `target_x`, `target_y`, `target_z`, `target_o`, `comment`) VALUES
(60018, 0, 0, 0, 0, 0, 100, 0, 10000, 20000, 10000, 20000, 0, 0, 11, 22422, 0, 0, 0, 0, 0, 2, 0, 0, 0, 0, 0, 0, 0, 0, 'Terrorel - In Combat - Cast \'Water\''),
(60018, 0, 1, 0, 0, 0, 100, 0, 3000, 5000, 12000, 15000, 0, 0, 11, 61600, 0, 0, 0, 0, 0, 2, 0, 0, 0, 0, 0, 0, 0, 0, 'Terrorel - In Combat - Cast \'Plague Strike\''),
(60018, 0, 2, 0, 0, 0, 100, 0, 15000, 15000, 10000, 15000, 0, 0, 11, 65038, 0, 0, 0, 0, 0, 2, 0, 0, 0, 0, 0, 0, 0, 0, 'Terrorel - In Combat - Cast \'Crush\''),
(60018, 0, 3, 0, 11, 0, 100, 0, 0, 0, 0, 0, 0, 0, 11, 55212, 2, 0, 0, 0, 0, 1, 0, 0, 0, 0, 0, 0, 0, 0, 'Terrorel - On Respawn - Cast \'Blood Presence\'');

DELETE FROM `creature_template` WHERE (`entry` = 60019);
INSERT INTO `creature_template` (`entry`, `difficulty_entry_1`, `difficulty_entry_2`, `difficulty_entry_3`, `KillCredit1`, `KillCredit2`, `modelid1`, `modelid2`, `modelid3`, `modelid4`, `name`, `subname`, `IconName`, `gossip_menu_id`, `minlevel`, `maxlevel`, `exp`, `faction`, `npcflag`, `speed_walk`, `speed_run`, `speed_swim`, `speed_flight`, `detection_range`, `scale`, `rank`, `dmgschool`, `DamageModifier`, `BaseAttackTime`, `RangeAttackTime`, `BaseVariance`, `RangeVariance`, `unit_class`, `unit_flags`, `unit_flags2`, `dynamicflags`, `family`, `trainer_type`, `trainer_spell`, `trainer_class`, `trainer_race`, `type`, `type_flags`, `lootid`, `pickpocketloot`, `skinloot`, `PetSpellDataId`, `VehicleId`, `mingold`, `maxgold`, `AIName`, `MovementType`, `HoverHeight`, `HealthModifier`, `ManaModifier`, `ArmorModifier`, `ExperienceModifier`, `RacialLeader`, `movementId`, `RegenHealth`, `mechanic_immune_mask`, `spell_school_immune_mask`, `flags_extra`, `ScriptName`, `VerifiedBuild`) VALUES
(60019, 0, 0, 0, 0, 0, 7274, 0, 0, 0, 'Illaria the Illusionist', 'S1 | Rank 4', '', 0, 81, 81, 0, 14, 0, 1.1, 1.2, 1, 1, 10, 1, 1, 0, 1, 0, 0, 0, 0, 8, 0, 0, 0, 0, 0, 0, 0, 0, 7, 0, 0, 0, 0, 0, 0, 0, 0, 'SmartAI', 0, 1, 2, 10, 10, 1, 0, 0, 1, 0, 0, 1074790400, '', 0);
DELETE FROM `smart_scripts` WHERE (`source_type` = 0 AND `entryorguid` = 60019);
INSERT INTO `smart_scripts` (`entryorguid`, `source_type`, `id`, `link`, `event_type`, `event_phase_mask`, `event_chance`, `event_flags`, `event_param1`, `event_param2`, `event_param3`, `event_param4`, `event_param5`, `event_param6`, `action_type`, `action_param1`, `action_param2`, `action_param3`, `action_param4`, `action_param5`, `action_param6`, `target_type`, `target_param1`, `target_param2`, `target_param3`, `target_param4`, `target_x`, `target_y`, `target_z`, `target_o`, `comment`) VALUES
(60019, 0, 0, 0, 0, 0, 100, 0, 0, 0, 3000, 3000, 0, 0, 11, 37930, 64, 0, 0, 0, 0, 2, 0, 0, 0, 0, 0, 0, 0, 0, 'Illaria the Illusionist - In Combat - Cast \'Frostbolt\''),
(60019, 0, 1, 0, 0, 0, 100, 0, 10000, 10000, 10000, 10000, 0, 0, 12, 60019, 3, 30000, 1, 0, 0, 2, 0, 0, 0, 0, 0, 0, 0, 0, 'Illaria the Illusionist - In Combat - Summon Creature \'Illaria the Illusionist\''),
(60019, 0, 2, 0, 6, 0, 100, 0, 0, 0, 0, 0, 0, 0, 41, 0, 0, 0, 0, 0, 0, 204, 60019, 0, 0, 0, 0, 0, 0, 0, 'Illaria the Illusionist - On Just Died - Despawn Instant');

-- Rank 5
DELETE FROM `creature_template` WHERE (`entry` = 60020);
INSERT INTO `creature_template` (`entry`, `difficulty_entry_1`, `difficulty_entry_2`, `difficulty_entry_3`, `KillCredit1`, `KillCredit2`, `modelid1`, `modelid2`, `modelid3`, `modelid4`, `name`, `subname`, `IconName`, `gossip_menu_id`, `minlevel`, `maxlevel`, `exp`, `faction`, `npcflag`, `speed_walk`, `speed_run`, `speed_swim`, `speed_flight`, `detection_range`, `scale`, `rank`, `dmgschool`, `DamageModifier`, `BaseAttackTime`, `RangeAttackTime`, `BaseVariance`, `RangeVariance`, `unit_class`, `unit_flags`, `unit_flags2`, `dynamicflags`, `family`, `trainer_type`, `trainer_spell`, `trainer_class`, `trainer_race`, `type`, `type_flags`, `lootid`, `pickpocketloot`, `skinloot`, `PetSpellDataId`, `VehicleId`, `mingold`, `maxgold`, `AIName`, `MovementType`, `HoverHeight`, `HealthModifier`, `ManaModifier`, `ArmorModifier`, `ExperienceModifier`, `RacialLeader`, `movementId`, `RegenHealth`, `mechanic_immune_mask`, `spell_school_immune_mask`, `flags_extra`, `ScriptName`, `VerifiedBuild`) VALUES
(60020, 0, 0, 0, 0, 0, 17781, 18615, 0, 0, 'Shadowthorn', 'S1 | Rank 5', '', 0, 81, 81, 0, 14, 0, 1.1, 1.2, 1, 1, 10, 1, 1, 0, 12, 2000, 2000, 0, 0, 1, 0, 0, 0, 0, 0, 0, 0, 0, 1, 0, 0, 0, 0, 0, 0, 0, 0, 'SmartAI', 0, 1, 125, 1, 10, 1, 0, 0, 1, 0, 0, 1074790400, '', 0);
DELETE FROM `smart_scripts` WHERE (`source_type` = 0 AND `entryorguid` = 60020);
INSERT INTO `smart_scripts` (`entryorguid`, `source_type`, `id`, `link`, `event_type`, `event_phase_mask`, `event_chance`, `event_flags`, `event_param1`, `event_param2`, `event_param3`, `event_param4`, `event_param5`, `event_param6`, `action_type`, `action_param1`, `action_param2`, `action_param3`, `action_param4`, `action_param5`, `action_param6`, `target_type`, `target_param1`, `target_param2`, `target_param3`, `target_param4`, `target_x`, `target_y`, `target_z`, `target_o`, `comment`) VALUES
(60020, 0, 0, 0, 0, 0, 100, 0, 5000, 12000, 8000, 12000, 0, 0, 11, 38880, 0, 0, 0, 0, 0, 2, 0, 0, 0, 0, 0, 0, 0, 0, 'Shadowthorn - In Combat - Cast \'Forked Lightning Tether\''),
(60020, 0, 1, 0, 0, 0, 100, 0, 12000, 15000, 15000, 20000, 0, 0, 11, 20754, 2, 0, 0, 0, 0, 2, 0, 0, 0, 0, 0, 0, 0, 0, 'Shadowthorn - In Combat - Cast \'Rain of Fire\'');

DELETE FROM `creature_template` WHERE (`entry` = 60021);
INSERT INTO `creature_template` (`entry`, `difficulty_entry_1`, `difficulty_entry_2`, `difficulty_entry_3`, `KillCredit1`, `KillCredit2`, `modelid1`, `modelid2`, `modelid3`, `modelid4`, `name`, `subname`, `IconName`, `gossip_menu_id`, `minlevel`, `maxlevel`, `exp`, `faction`, `npcflag`, `speed_walk`, `speed_run`, `speed_swim`, `speed_flight`, `detection_range`, `scale`, `rank`, `dmgschool`, `DamageModifier`, `BaseAttackTime`, `RangeAttackTime`, `BaseVariance`, `RangeVariance`, `unit_class`, `unit_flags`, `unit_flags2`, `dynamicflags`, `family`, `trainer_type`, `trainer_spell`, `trainer_class`, `trainer_race`, `type`, `type_flags`, `lootid`, `pickpocketloot`, `skinloot`, `PetSpellDataId`, `VehicleId`, `mingold`, `maxgold`, `AIName`, `MovementType`, `HoverHeight`, `HealthModifier`, `ManaModifier`, `ArmorModifier`, `ExperienceModifier`, `RacialLeader`, `movementId`, `RegenHealth`, `mechanic_immune_mask`, `spell_school_immune_mask`, `flags_extra`, `ScriptName`, `VerifiedBuild`) VALUES
(60021, 0, 0, 0, 0, 0, 6921, 0, 0, 0, 'Leper Gnome Quin', 'S1 | Rank 5', '', 0, 81, 81, 0, 14, 0, 1.1, 1.2, 1, 1, 10, 1, 1, 0, 12, 2000, 2000, 0, 0, 1, 0, 0, 0, 0, 0, 0, 0, 0, 7, 0, 0, 0, 0, 0, 0, 0, 0, 'SmartAI', 0, 1, 125, 1, 10, 1, 0, 0, 1, 0, 0, 1074790400, '', 0);
DELETE FROM `smart_scripts` WHERE (`source_type` = 0 AND `entryorguid` = 60021);
INSERT INTO `smart_scripts` (`entryorguid`, `source_type`, `id`, `link`, `event_type`, `event_phase_mask`, `event_chance`, `event_flags`, `event_param1`, `event_param2`, `event_param3`, `event_param4`, `event_param5`, `event_param6`, `action_type`, `action_param1`, `action_param2`, `action_param3`, `action_param4`, `action_param5`, `action_param6`, `target_type`, `target_param1`, `target_param2`, `target_param3`, `target_param4`, `target_x`, `target_y`, `target_z`, `target_o`, `comment`) VALUES
(60021, 0, 0, 0, 11, 0, 100, 0, 0, 0, 0, 0, 0, 0, 11, 19705, 2, 0, 0, 0, 0, 1, 0, 0, 0, 0, 0, 0, 0, 0, 'Leper Gnome Quin - On Respawn - Cast \'Well Fed\''),
(60021, 0, 1, 0, 0, 0, 100, 0, 55000, 55000, 55000, 55000, 0, 0, 11, 71163, 0, 0, 0, 0, 0, 2, 0, 0, 0, 0, 0, 0, 0, 0, 'Leper Gnome Quin - In Combat - Cast \'Devour Humanoid\''),
(60021, 0, 2, 0, 0, 0, 100, 0, 3000, 5000, 3000, 5000, 0, 0, 11, 200005, 0, 0, 0, 0, 0, 1, 0, 0, 0, 0, 0, 0, 0, 0, 'Leper Gnome Quin - In Combat - Cast \'Leap\''),
(60021, 0, 3, 0, 67, 0, 100, 0, 5000, 10000, 10000, 10000, 0, 5, 11, 15582, 0, 0, 0, 0, 0, 2, 0, 0, 0, 0, 0, 0, 0, 0, 'Leper Gnome Quin - On Behind Target - Cast \'Backstab\'');

DELETE FROM `creature_template` WHERE (`entry` = 60022);
INSERT INTO `creature_template` (`entry`, `difficulty_entry_1`, `difficulty_entry_2`, `difficulty_entry_3`, `KillCredit1`, `KillCredit2`, `modelid1`, `modelid2`, `modelid3`, `modelid4`, `name`, `subname`, `IconName`, `gossip_menu_id`, `minlevel`, `maxlevel`, `exp`, `faction`, `npcflag`, `speed_walk`, `speed_run`, `speed_swim`, `speed_flight`, `detection_range`, `scale`, `rank`, `dmgschool`, `DamageModifier`, `BaseAttackTime`, `RangeAttackTime`, `BaseVariance`, `RangeVariance`, `unit_class`, `unit_flags`, `unit_flags2`, `dynamicflags`, `family`, `trainer_type`, `trainer_spell`, `trainer_class`, `trainer_race`, `type`, `type_flags`, `lootid`, `pickpocketloot`, `skinloot`, `PetSpellDataId`, `VehicleId`, `mingold`, `maxgold`, `AIName`, `MovementType`, `HoverHeight`, `HealthModifier`, `ManaModifier`, `ArmorModifier`, `ExperienceModifier`, `RacialLeader`, `movementId`, `RegenHealth`, `mechanic_immune_mask`, `spell_school_immune_mask`, `flags_extra`, `ScriptName`, `VerifiedBuild`) VALUES
(60022, 0, 0, 0, 0, 0, 26789, 0, 0, 0, 'Darkfang', 'S1 | Rank 5', '', 0, 81, 81, 0, 14, 0, 1.1, 1.2, 1, 1, 10, 1, 1, 0, 12, 2000, 2000, 0, 0, 1, 0, 0, 0, 0, 0, 0, 0, 0, 7, 0, 0, 0, 0, 0, 0, 0, 0, '', 0, 1, 125, 1, 10, 1, 0, 0, 1, 0, 0, 1074790400, 'bguild_darkfang', 0);
DELETE FROM `creature_template` WHERE (`entry` = 60024);
INSERT INTO `creature_template` (`entry`, `difficulty_entry_1`, `difficulty_entry_2`, `difficulty_entry_3`, `KillCredit1`, `KillCredit2`, `modelid1`, `modelid2`, `modelid3`, `modelid4`, `name`, `subname`, `IconName`, `gossip_menu_id`, `minlevel`, `maxlevel`, `exp`, `faction`, `npcflag`, `speed_walk`, `speed_run`, `speed_swim`, `speed_flight`, `detection_range`, `scale`, `rank`, `dmgschool`, `DamageModifier`, `BaseAttackTime`, `RangeAttackTime`, `BaseVariance`, `RangeVariance`, `unit_class`, `unit_flags`, `unit_flags2`, `dynamicflags`, `family`, `trainer_type`, `trainer_spell`, `trainer_class`, `trainer_race`, `type`, `type_flags`, `lootid`, `pickpocketloot`, `skinloot`, `PetSpellDataId`, `VehicleId`, `mingold`, `maxgold`, `AIName`, `MovementType`, `HoverHeight`, `HealthModifier`, `ManaModifier`, `ArmorModifier`, `ExperienceModifier`, `RacialLeader`, `movementId`, `RegenHealth`, `mechanic_immune_mask`, `spell_school_immune_mask`, `flags_extra`, `ScriptName`, `VerifiedBuild`) VALUES
(60024, 0, 0, 0, 0, 0, 169, 0, 0, 0, 'Trigger Jump Target', '', '', 0, 1, 1, 0, 35, 0, 1, 1.14286, 1, 1, 1, 1, 0, 0, 1, 0, 0, 0, 0, 1, 0, 0, 0, 0, 0, 0, 0, 0, 0, 0, 0, 0, 0, 0, 0, 0, 0, '', 0, 1, 1, 1, 1, 1, 0, 0, 1, 0, 0, 130, '', 0);
DELETE FROM `creature_template_addon` WHERE (`entry` = 60024);
INSERT INTO `creature_template_addon` (`entry`, `path_id`, `mount`, `bytes1`, `bytes2`, `emote`, `visibilityDistanceType`, `auras`) VALUES
(60024, 0, 0, 0, 0, 0, 0, '42171');

DELETE FROM `creature_template` WHERE (`entry` = 60023);
INSERT INTO `creature_template` (`entry`, `difficulty_entry_1`, `difficulty_entry_2`, `difficulty_entry_3`, `KillCredit1`, `KillCredit2`, `modelid1`, `modelid2`, `modelid3`, `modelid4`, `name`, `subname`, `IconName`, `gossip_menu_id`, `minlevel`, `maxlevel`, `exp`, `faction`, `npcflag`, `speed_walk`, `speed_run`, `speed_swim`, `speed_flight`, `detection_range`, `scale`, `rank`, `dmgschool`, `DamageModifier`, `BaseAttackTime`, `RangeAttackTime`, `BaseVariance`, `RangeVariance`, `unit_class`, `unit_flags`, `unit_flags2`, `dynamicflags`, `family`, `trainer_type`, `trainer_spell`, `trainer_class`, `trainer_race`, `type`, `type_flags`, `lootid`, `pickpocketloot`, `skinloot`, `PetSpellDataId`, `VehicleId`, `mingold`, `maxgold`, `AIName`, `MovementType`, `HoverHeight`, `HealthModifier`, `ManaModifier`, `ArmorModifier`, `ExperienceModifier`, `RacialLeader`, `movementId`, `RegenHealth`, `mechanic_immune_mask`, `spell_school_immune_mask`, `flags_extra`, `ScriptName`, `VerifiedBuild`) VALUES
(60023, 0, 0, 0, 0, 0, 30616, 0, 0, 0, 'Klunk', 'S1 | Rank 5', '', 0, 81, 81, 0, 14, 0, 1.1, 1.2, 1, 1, 10, 1, 1, 0, 12, 2000, 2000, 0, 0, 1, 0, 0, 0, 0, 0, 0, 0, 0, 10, 0, 0, 0, 0, 0, 0, 0, 0, 'SmartAI', 0, 1, 125, 1, 10, 1, 0, 0, 1, 0, 0, 1074790400, '', 0);
DELETE FROM `creature_equip_template` WHERE (`CreatureID` = 60023);
INSERT INTO `creature_equip_template` (`CreatureID`, `ID`, `ItemID1`, `ItemID2`, `ItemID3`, `VerifiedBuild`) VALUES
(60023, 1, 1485, 0, 0, 0);
DELETE FROM `smart_scripts` WHERE (`source_type` = 0 AND `entryorguid` = 60023);
INSERT INTO `smart_scripts` (`entryorguid`, `source_type`, `id`, `link`, `event_type`, `event_phase_mask`, `event_chance`, `event_flags`, `event_param1`, `event_param2`, `event_param3`, `event_param4`, `event_param5`, `event_param6`, `action_type`, `action_param1`, `action_param2`, `action_param3`, `action_param4`, `action_param5`, `action_param6`, `target_type`, `target_param1`, `target_param2`, `target_param3`, `target_param4`, `target_x`, `target_y`, `target_z`, `target_o`, `comment`) VALUES
(60023, 0, 0, 0, 11, 0, 100, 0, 0, 0, 0, 0, 0, 0, 11, 54647, 2, 0, 0, 0, 0, 1, 0, 0, 0, 0, 0, 0, 0, 0, 'Klunk - On Respawn - Cast \'Spirit Burn\''),
(60023, 0, 1, 2, 0, 0, 100, 0, 7000, 10000, 7000, 10000, 0, 0, 224, 0, 0, 0, 0, 0, 0, 1, 0, 0, 0, 0, 0, 0, 0, 0, 'Klunk - In Combat - Stop Attack'),
(60023, 0, 2, 3, 61, 0, 100, 0, 0, 0, 0, 0, 0, 0, 8, 0, 0, 0, 0, 0, 0, 1, 0, 0, 0, 0, 0, 0, 0, 0, 'Klunk - In Combat - Set Reactstate Passive'),
(60023, 0, 3, 4, 61, 0, 100, 0, 0, 0, 0, 0, 0, 0, 66, 0, 1, 0, 0, 0, 0, 1, 0, 0, 0, 0, 0, 0, 0, 0, 'Klunk - In Combat - Set Orientation Random'),
(60023, 0, 4, 5, 61, 0, 100, 0, 0, 0, 0, 0, 0, 0, 11, 63317, 0, 0, 0, 0, 0, 1, 0, 0, 0, 0, 0, 0, 0, 0, 'Klunk - In Combat - Cast \'Flame Breath\''),
(60023, 0, 5, 0, 61, 0, 100, 0, 0, 0, 0, 0, 0, 0, 80, 6002300, 2, 0, 0, 0, 0, 1, 0, 0, 0, 0, 0, 0, 0, 0, 'Klunk - In Combat - Run Script');
DELETE FROM `smart_scripts` WHERE (`source_type` = 9 AND `entryorguid` = 6002300);
INSERT INTO `smart_scripts` (`entryorguid`, `source_type`, `id`, `link`, `event_type`, `event_phase_mask`, `event_chance`, `event_flags`, `event_param1`, `event_param2`, `event_param3`, `event_param4`, `event_param5`, `event_param6`, `action_type`, `action_param1`, `action_param2`, `action_param3`, `action_param4`, `action_param5`, `action_param6`, `target_type`, `target_param1`, `target_param2`, `target_param3`, `target_param4`, `target_x`, `target_y`, `target_z`, `target_o`, `comment`) VALUES
(6002300, 9, 0, 0, 0, 0, 100, 0, 3000, 3000, 0, 0, 0, 0, 8, 2, 0, 0, 0, 0, 0, 1, 0, 0, 0, 0, 0, 0, 0, 0, 'Klunk - Actionlist - Set Reactstate Aggressive');

-- Rank 6
DELETE FROM `waypoints` WHERE `entry`=60025000;
INSERT INTO `waypoints` (`entry`, `pointid`, `position_x`, `position_y`, `position_z`, `orientation`, `delay`, `point_comment`) VALUES
(60025000, 1, 2179.798, -4782.790, 55.13808, 0.24073, 0, 'NULL'),
(60025000, 2, 2190.824, -4779.494, 55.13808, 0.42530, 0, 'NULL'),
(60025000, 3, 2199.243, -4770.183, 55.13808, 1.62696, 0, 'NULL'),
(60025000, 4, 2197.612, -4758.468, 55.13808, 2.30240, 0, 'NULL'),
(60025000, 5, 2186.042, -4746.990, 55.13808, 2.75008, 0, 'NULL'),
(60025000, 6, 2175.645, -4745.033, 55.13808, 3.34698, 0, 'NULL'),
(60025000, 7, 2165.130, -4749.688, 55.13808, 4.07740, 0, 'NULL'),
(60025000, 8, 2158.761, -4761.024, 55.13808, 4.43083, 0, 'NULL'),
(60025000, 9, 2159.371, -4772.311, 55.13808, 5.27906, 0, 'NULL'),
(60025000, 10, 2166.691, -4780.736, 55.13808, 5.78172, 0, 'NULL'),
(60025000, 11, 2172, -4786, 55.13808, 5.78172, 0, 'NULL');
DELETE FROM `creature_template` WHERE (`entry` = 60025);
INSERT INTO `creature_template` (`entry`, `difficulty_entry_1`, `difficulty_entry_2`, `difficulty_entry_3`, `KillCredit1`, `KillCredit2`, `modelid1`, `modelid2`, `modelid3`, `modelid4`, `name`, `subname`, `IconName`, `gossip_menu_id`, `minlevel`, `maxlevel`, `exp`, `faction`, `npcflag`, `speed_walk`, `speed_run`, `speed_swim`, `speed_flight`, `detection_range`, `scale`, `rank`, `dmgschool`, `DamageModifier`, `BaseAttackTime`, `RangeAttackTime`, `BaseVariance`, `RangeVariance`, `unit_class`, `unit_flags`, `unit_flags2`, `dynamicflags`, `family`, `trainer_type`, `trainer_spell`, `trainer_class`, `trainer_race`, `type`, `type_flags`, `lootid`, `pickpocketloot`, `skinloot`, `PetSpellDataId`, `VehicleId`, `mingold`, `maxgold`, `AIName`, `MovementType`, `HoverHeight`, `HealthModifier`, `ManaModifier`, `ArmorModifier`, `ExperienceModifier`, `RacialLeader`, `movementId`, `RegenHealth`, `mechanic_immune_mask`, `spell_school_immune_mask`, `flags_extra`, `ScriptName`, `VerifiedBuild`) VALUES
(60025, 0, 0, 0, 0, 0, 4270, 0, 0, 0, 'Shortneck', 'S1 | Rank 6', '', 0, 81, 81, 0, 14, 0, 1.1, 1.2, 1, 1, 10, 1, 1, 0, 12, 2000, 2000, 0, 0, 1, 0, 0, 0, 0, 0, 0, 0, 0, 1, 0, 0, 0, 0, 0, 0, 0, 0, 'SmartAI', 0, 1, 130, 1, 10, 1, 0, 0, 1, 1859889151, 0, 1074790400, '', 0);
DELETE FROM `smart_scripts` WHERE (`source_type` = 0 AND `entryorguid` = 60025);
INSERT INTO `smart_scripts` (`entryorguid`, `source_type`, `id`, `link`, `event_type`, `event_phase_mask`, `event_chance`, `event_flags`, `event_param1`, `event_param2`, `event_param3`, `event_param4`, `event_param5`, `event_param6`, `action_type`, `action_param1`, `action_param2`, `action_param3`, `action_param4`, `action_param5`, `action_param6`, `target_type`, `target_param1`, `target_param2`, `target_param3`, `target_param4`, `target_x`, `target_y`, `target_z`, `target_o`, `comment`) VALUES
(60025, 0, 0, 0, 11, 0, 100, 0, 0, 0, 0, 0, 0, 0, 8, 0, 0, 0, 0, 0, 0, 1, 0, 0, 0, 0, 0, 0, 0, 0, 'Shortneck - On Respawn - Set Reactstate Passive'),
(60025, 0, 1, 0, 4, 0, 100, 0, 0, 0, 0, 0, 0, 0, 53, 1, 60025000, 1, 0, 0, 0, 1, 0, 0, 0, 0, 0, 0, 0, 0, 'Shortneck - On Aggro - Start Patrol Path 60025000'),
(60025, 0, 2, 0, 2, 0, 100, 0, 0, 75, 0, 0, 0, 0, 136, 1, 1, 30, 0, 0, 0, 1, 0, 0, 0, 0, 0, 0, 0, 0, 'Shortneck - Between 0-75% Health - Set Run Speed to 1.30'),
(60025, 0, 3, 0, 2, 0, 100, 0, 0, 50, 0, 0, 0, 0, 136, 1, 1, 40, 0, 0, 0, 1, 0, 0, 0, 0, 0, 0, 0, 0, 'Shortneck - Between 0-50% Health - Set Run Speed to 1.40'),
(60025, 0, 4, 0, 2, 0, 100, 0, 0, 25, 0, 0, 0, 0, 136, 1, 1, 50, 0, 0, 0, 1, 0, 0, 0, 0, 0, 0, 0, 0, 'Shortneck - Between 0-25% Health - Set Run Speed to 1.50'),
(60025, 0, 5, 0, 2, 0, 100, 0, 0, 10, 0, 0, 0, 0, 136, 1, 2, 0, 0, 0, 0, 1, 0, 0, 0, 0, 0, 0, 0, 0, 'Shortneck - Between 0-10% Health - Set Run Speed to 2.0'),
(60025, 0, 6, 0, 0, 0, 100, 0, 5000, 10000, 20000, 25000, 0, 0, 11, 47981, 2, 0, 0, 0, 0, 1, 0, 0, 0, 0, 0, 0, 0, 0, 'Shortneck - In Combat - Cast \'Spell Reflection\'');

DELETE FROM `creature_template` WHERE (`entry` = 60026);
INSERT INTO `creature_template` (`entry`, `difficulty_entry_1`, `difficulty_entry_2`, `difficulty_entry_3`, `KillCredit1`, `KillCredit2`, `modelid1`, `modelid2`, `modelid3`, `modelid4`, `name`, `subname`, `IconName`, `gossip_menu_id`, `minlevel`, `maxlevel`, `exp`, `faction`, `npcflag`, `speed_walk`, `speed_run`, `speed_swim`, `speed_flight`, `detection_range`, `scale`, `rank`, `dmgschool`, `DamageModifier`, `BaseAttackTime`, `RangeAttackTime`, `BaseVariance`, `RangeVariance`, `unit_class`, `unit_flags`, `unit_flags2`, `dynamicflags`, `family`, `trainer_type`, `trainer_spell`, `trainer_class`, `trainer_race`, `type`, `type_flags`, `lootid`, `pickpocketloot`, `skinloot`, `PetSpellDataId`, `VehicleId`, `mingold`, `maxgold`, `AIName`, `MovementType`, `HoverHeight`, `HealthModifier`, `ManaModifier`, `ArmorModifier`, `ExperienceModifier`, `RacialLeader`, `movementId`, `RegenHealth`, `mechanic_immune_mask`, `spell_school_immune_mask`, `flags_extra`, `ScriptName`, `VerifiedBuild`) VALUES
(60026, 0, 0, 0, 0, 0, 21492, 0, 0, 0, 'Shadowfeather', 'S1 | Rank 6', '', 0, 81, 81, 0, 14, 0, 1.1, 1.2, 1, 1, 10, 0.7, 1, 0, 12, 2000, 2000, 0, 0, 1, 0, 0, 0, 0, 0, 0, 0, 0, 1, 0, 0, 0, 0, 0, 0, 0, 0, 'SmartAI', 0, 1, 130, 1, 10, 1, 0, 0, 1, 0, 0, 1074790400, '', 0);
DELETE FROM `smart_scripts` WHERE (`source_type` = 0 AND `entryorguid` = 60026);
INSERT INTO `smart_scripts` (`entryorguid`, `source_type`, `id`, `link`, `event_type`, `event_phase_mask`, `event_chance`, `event_flags`, `event_param1`, `event_param2`, `event_param3`, `event_param4`, `event_param5`, `event_param6`, `action_type`, `action_param1`, `action_param2`, `action_param3`, `action_param4`, `action_param5`, `action_param6`, `target_type`, `target_param1`, `target_param2`, `target_param3`, `target_param4`, `target_x`, `target_y`, `target_z`, `target_o`, `comment`) VALUES
(60026, 0, 0, 0, 0, 0, 100, 0, 9000, 14000, 14000, 18000, 0, 0, 11, 29505, 0, 0, 0, 0, 0, 2, 0, 0, 0, 0, 0, 0, 0, 0, 'Shadowfeather - In Combat - Cast \'Banshee Shriek\''),
(60026, 0, 1, 0, 0, 0, 100, 0, 0, 0, 30000, 30000, 0, 0, 228, 60029, 30000, 4, 0, 20, 2, 1, 0, 0, 0, 0, 0, 0, 0, 0, 'Shadowfeather - In Combat - Do Radial Summon'),
(60026, 0, 2, 0, 82, 0, 100, 0, 0, 2000, 2000, 0, 0, 0, 11, 16791, 2, 0, 0, 0, 0, 1, 0, 0, 0, 0, 0, 0, 0, 0, 'Shadowfeather - On Summoned Unit Dies - Cast \'Furious Anger\''),
(60026, 0, 3, 0, 35, 0, 100, 0, 0, 1000, 1000, 0, 0, 0, 11, 31540, 2, 0, 0, 0, 0, 1, 0, 0, 0, 0, 0, 0, 0, 0, 'Shadowfeather - On Summon Despawned - Cast \'Enrage\'');
DELETE FROM `creature_template` WHERE (`entry` = 60029);
INSERT INTO `creature_template` (`entry`, `difficulty_entry_1`, `difficulty_entry_2`, `difficulty_entry_3`, `KillCredit1`, `KillCredit2`, `modelid1`, `modelid2`, `modelid3`, `modelid4`, `name`, `subname`, `IconName`, `gossip_menu_id`, `minlevel`, `maxlevel`, `exp`, `faction`, `npcflag`, `speed_walk`, `speed_run`, `speed_swim`, `speed_flight`, `detection_range`, `scale`, `rank`, `dmgschool`, `DamageModifier`, `BaseAttackTime`, `RangeAttackTime`, `BaseVariance`, `RangeVariance`, `unit_class`, `unit_flags`, `unit_flags2`, `dynamicflags`, `family`, `trainer_type`, `trainer_spell`, `trainer_class`, `trainer_race`, `type`, `type_flags`, `lootid`, `pickpocketloot`, `skinloot`, `PetSpellDataId`, `VehicleId`, `mingold`, `maxgold`, `AIName`, `MovementType`, `HoverHeight`, `HealthModifier`, `ManaModifier`, `ArmorModifier`, `ExperienceModifier`, `RacialLeader`, `movementId`, `RegenHealth`, `mechanic_immune_mask`, `spell_school_immune_mask`, `flags_extra`, `ScriptName`, `VerifiedBuild`) VALUES
(60029, 0, 0, 0, 0, 0, 21492, 0, 0, 0, 'Lightfeather', 'Spawn of Shadowfeather', '', 0, 81, 81, 0, 14, 0, 1.1, 1.2, 1, 1, 10, 0.25, 1, 0, 1, 4000, 4000, 0, 0, 1, 0, 0, 0, 0, 0, 0, 0, 0, 1, 0, 0, 0, 0, 0, 0, 0, 0, 'SmartAI', 0, 1, 2.5, 1, 10, 1, 0, 0, 1, 0, 0, 1074790400, '', 0);
DELETE FROM `smart_scripts` WHERE (`source_type` = 0 AND `entryorguid` = 60029);
INSERT INTO `smart_scripts` (`entryorguid`, `source_type`, `id`, `link`, `event_type`, `event_phase_mask`, `event_chance`, `event_flags`, `event_param1`, `event_param2`, `event_param3`, `event_param4`, `event_param5`, `event_param6`, `action_type`, `action_param1`, `action_param2`, `action_param3`, `action_param4`, `action_param5`, `action_param6`, `target_type`, `target_param1`, `target_param2`, `target_param3`, `target_param4`, `target_x`, `target_y`, `target_z`, `target_o`, `comment`) VALUES
(60029, 0, 0, 0, 6, 0, 100, 0, 0, 0, 0, 0, 0, 0, 41, 0, 0, 0, 0, 0, 0, 1, 0, 0, 0, 0, 0, 0, 0, 0, 'Lightfeather - On Just Died - Despawn Instant');

DELETE FROM `creature_template` WHERE (`entry` = 60027);
INSERT INTO `creature_template` (`entry`, `difficulty_entry_1`, `difficulty_entry_2`, `difficulty_entry_3`, `KillCredit1`, `KillCredit2`, `modelid1`, `modelid2`, `modelid3`, `modelid4`, `name`, `subname`, `IconName`, `gossip_menu_id`, `minlevel`, `maxlevel`, `exp`, `faction`, `npcflag`, `speed_walk`, `speed_run`, `speed_swim`, `speed_flight`, `detection_range`, `scale`, `rank`, `dmgschool`, `DamageModifier`, `BaseAttackTime`, `RangeAttackTime`, `BaseVariance`, `RangeVariance`, `unit_class`, `unit_flags`, `unit_flags2`, `dynamicflags`, `family`, `trainer_type`, `trainer_spell`, `trainer_class`, `trainer_race`, `type`, `type_flags`, `lootid`, `pickpocketloot`, `skinloot`, `PetSpellDataId`, `VehicleId`, `mingold`, `maxgold`, `AIName`, `MovementType`, `HoverHeight`, `HealthModifier`, `ManaModifier`, `ArmorModifier`, `ExperienceModifier`, `RacialLeader`, `movementId`, `RegenHealth`, `mechanic_immune_mask`, `spell_school_immune_mask`, `flags_extra`, `ScriptName`, `VerifiedBuild`) VALUES
(60027, 0, 0, 0, 0, 0, 25156, 0, 0, 0, 'Scaleslash', 'S1 | Rank 6', '', 0, 81, 81, 0, 14, 0, 1.1, 1.2, 1, 1, 10, 1, 1, 0, 12, 2000, 2000, 0, 0, 1, 0, 0, 0, 0, 0, 0, 0, 0, 1, 0, 0, 0, 0, 0, 0, 0, 0, 'SmartAI', 0, 1, 130, 1, 10, 1, 0, 0, 1, 0, 0, 1074790400, '', 0);
DELETE FROM `smart_scripts` WHERE (`source_type` = 0 AND `entryorguid` = 60027);
INSERT INTO `smart_scripts` (`entryorguid`, `source_type`, `id`, `link`, `event_type`, `event_phase_mask`, `event_chance`, `event_flags`, `event_param1`, `event_param2`, `event_param3`, `event_param4`, `event_param5`, `event_param6`, `action_type`, `action_param1`, `action_param2`, `action_param3`, `action_param4`, `action_param5`, `action_param6`, `target_type`, `target_param1`, `target_param2`, `target_param3`, `target_param4`, `target_x`, `target_y`, `target_z`, `target_o`, `comment`) VALUES
(60027, 0, 0, 1, 0, 0, 100, 0, 5000, 8000, 8000, 10000, 0, 0, 224, 0, 0, 0, 0, 0, 0, 1, 0, 0, 0, 0, 0, 0, 0, 0, 'Scaleslash - In Combat - Stop Attack'),
(60027, 0, 1, 2, 61, 0, 100, 0, 0, 0, 0, 0, 0, 0, 8, 0, 0, 0, 0, 0, 0, 1, 0, 0, 0, 0, 0, 0, 0, 0, 'Scaleslash - In Combat - Set Reactstate Passive'),
(60027, 0, 2, 3, 61, 0, 100, 0, 0, 0, 0, 0, 0, 0, 11, 66818, 0, 0, 0, 0, 0, 1, 0, 0, 0, 0, 0, 0, 0, 0, 'Scaleslash - In Combat - Cast \'Acidic Spew\''),
(60027, 0, 3, 0, 61, 0, 100, 0, 0, 0, 0, 0, 0, 0, 80, 6002700, 2, 0, 0, 0, 0, 1, 0, 0, 0, 0, 0, 0, 0, 0, 'Scaleslash - In Combat - Run Script'),
(60027, 0, 4, 0, 0, 0, 100, 0, 7000, 10000, 10000, 15000, 0, 0, 11, 55741, 0, 0, 0, 0, 0, 1, 0, 0, 0, 0, 0, 0, 0, 0, 'Scaleslash - In Combat - Cast \'Desecration\'');
DELETE FROM `smart_scripts` WHERE (`source_type` = 9 AND `entryorguid` = 6002700);
INSERT INTO `smart_scripts` (`entryorguid`, `source_type`, `id`, `link`, `event_type`, `event_phase_mask`, `event_chance`, `event_flags`, `event_param1`, `event_param2`, `event_param3`, `event_param4`, `event_param5`, `event_param6`, `action_type`, `action_param1`, `action_param2`, `action_param3`, `action_param4`, `action_param5`, `action_param6`, `target_type`, `target_param1`, `target_param2`, `target_param3`, `target_param4`, `target_x`, `target_y`, `target_z`, `target_o`, `comment`) VALUES
(6002700, 9, 0, 0, 0, 0, 100, 0, 3500, 3500, 0, 0, 0, 0, 8, 2, 0, 0, 0, 0, 0, 1, 0, 0, 0, 0, 0, 0, 0, 0, 'Scaleslash - Actionlist - Set Reactstate Aggressive');

DELETE FROM `creature_template` WHERE (`entry` = 60028);
INSERT INTO `creature_template` (`entry`, `difficulty_entry_1`, `difficulty_entry_2`, `difficulty_entry_3`, `KillCredit1`, `KillCredit2`, `modelid1`, `modelid2`, `modelid3`, `modelid4`, `name`, `subname`, `IconName`, `gossip_menu_id`, `minlevel`, `maxlevel`, `exp`, `faction`, `npcflag`, `speed_walk`, `speed_run`, `speed_swim`, `speed_flight`, `detection_range`, `scale`, `rank`, `dmgschool`, `DamageModifier`, `BaseAttackTime`, `RangeAttackTime`, `BaseVariance`, `RangeVariance`, `unit_class`, `unit_flags`, `unit_flags2`, `dynamicflags`, `family`, `trainer_type`, `trainer_spell`, `trainer_class`, `trainer_race`, `type`, `type_flags`, `lootid`, `pickpocketloot`, `skinloot`, `PetSpellDataId`, `VehicleId`, `mingold`, `maxgold`, `AIName`, `MovementType`, `HoverHeight`, `HealthModifier`, `ManaModifier`, `ArmorModifier`, `ExperienceModifier`, `RacialLeader`, `movementId`, `RegenHealth`, `mechanic_immune_mask`, `spell_school_immune_mask`, `flags_extra`, `ScriptName`, `VerifiedBuild`) VALUES
(60028, 0, 0, 0, 0, 0, 10996, 0, 0, 0, 'Carl', 'S1 | Rank 6', '', 0, 81, 81, 0, 14, 0, 1.1, 1.2, 1, 1, 10, 1, 1, 0, 12, 2000, 2000, 0, 0, 1, 0, 0, 0, 0, 0, 0, 0, 0, 1, 0, 0, 0, 0, 0, 0, 0, 0, 'SmartAI', 0, 1, 130, 1, 10, 1, 0, 0, 1, 0, 0, 1074790400, '', 0);
DELETE FROM `smart_scripts` WHERE (`source_type` = 0 AND `entryorguid` = 60028);
INSERT INTO `smart_scripts` (`entryorguid`, `source_type`, `id`, `link`, `event_type`, `event_phase_mask`, `event_chance`, `event_flags`, `event_param1`, `event_param2`, `event_param3`, `event_param4`, `event_param5`, `event_param6`, `action_type`, `action_param1`, `action_param2`, `action_param3`, `action_param4`, `action_param5`, `action_param6`, `target_type`, `target_param1`, `target_param2`, `target_param3`, `target_param4`, `target_x`, `target_y`, `target_z`, `target_o`, `comment`) VALUES
(60028, 0, 0, 0, 25, 0, 100, 0, 0, 0, 0, 0, 0, 0, 11, 74826, 2, 0, 0, 0, 0, 1, 0, 0, 0, 0, 0, 0, 0, 0, 'Carl - On Reset - Cast \'Corporeality\''),
(60028, 0, 1, 0, 0, 0, 100, 0, 5000, 10000, 8000, 12000, 0, 0, 11, 54251, 0, 0, 0, 0, 0, 2, 0, 0, 0, 0, 0, 0, 0, 0, 'Carl - In Combat - Cast \'Lava Burn\''),
(60028, 0, 2, 0, 0, 0, 100, 0, 3000, 3000, 3000, 3000, 0, 0, 11, 16049, 0, 0, 0, 0, 0, 1, 0, 0, 0, 0, 0, 0, 0, 0, 'Carl - In Combat - Cast \'Emberseer Growing\''),
(60028, 0, 3, 4, 23, 0, 100, 0, 16049, 10, 0, 0, 0, 0, 11, 74827, 2, 0, 0, 0, 0, 1, 0, 0, 0, 0, 0, 0, 0, 0, 'Carl - On Aura \'Emberseer Growing\' (10) - Cast \'Corporeality\' 15%'),
(60028, 0, 4, 0, 61, 0, 100, 0, 0, 0, 0, 0, 0, 0, 28, 74826, 0, 0, 0, 0, 0, 1, 0, 0, 0, 0, 0, 0, 0, 0, 'Carl - On Aura \'Emberseer Growing\' - Remove Aura \'Corporeality\' 0%'),
(60028, 0, 5, 6, 23, 0, 100, 0, 16049, 15, 0, 0, 0, 0, 11, 74828, 2, 0, 0, 0, 0, 1, 0, 0, 0, 0, 0, 0, 0, 0, 'Carl - On Aura \'Emberseer Growing\' (15) - Cast \'Corporeality\' 30%'),
(60028, 0, 6, 0, 61, 0, 100, 0, 0, 0, 0, 0, 0, 0, 28, 74827, 0, 0, 0, 0, 0, 1, 0, 0, 0, 0, 0, 0, 0, 0, 'Carl - On Aura \'Emberseer Growing\' - Remove Aura \'Corporeality\' 15%'),
(60028, 0, 7, 8, 23, 0, 100, 0, 16049, 20, 0, 0, 0, 0, 11, 74829, 2, 0, 0, 0, 0, 1, 0, 0, 0, 0, 0, 0, 0, 0, 'Carl - On Aura \'Emberseer Growing\' (20) - Cast \'Corporeality\' 60%'),
(60028, 0, 8, 0, 61, 0, 100, 0, 0, 0, 0, 0, 0, 0, 28, 74828, 0, 0, 0, 0, 0, 1, 0, 0, 0, 0, 0, 0, 0, 0, 'Carl - On Aura \'Emberseer Growing\' - Remove Aura \'Corporeality\' 30%'),
(60028, 0, 9, 10, 23, 0, 100, 0, 16049, 25, 0, 0, 0, 0, 11, 74830, 2, 0, 0, 0, 0, 1, 0, 0, 0, 0, 0, 0, 0, 0, 'Carl - On Aura \'Emberseer Growing\' (25) - Cast \'Corporeality\' 100%'),
(60028, 0, 10, 0, 61, 0, 100, 0, 0, 0, 0, 0, 0, 0, 28, 74829, 0, 0, 0, 0, 0, 1, 0, 0, 0, 0, 0, 0, 0, 0, 'Carl - On Aura \'Emberseer Growing\' - Remove Aura \'Corporeality\' 60%'),
(60028, 0, 11, 12, 23, 0, 100, 0, 16049, 30, 0, 0, 0, 0, 11, 74831, 2, 0, 0, 0, 0, 1, 0, 0, 0, 0, 0, 0, 0, 0, 'Carl - On Aura \'Emberseer Growing\' (30) - Cast \'Corporeality\' 200%'),
(60028, 0, 12, 0, 61, 0, 100, 0, 0, 0, 0, 0, 0, 0, 28, 74830, 0, 0, 0, 0, 0, 1, 0, 0, 0, 0, 0, 0, 0, 0, 'Carl - On Aura \'Emberseer Growing\' - Remove Aura \'Corporeality\' 100%');

-- Rank 7
DELETE FROM `creature_template` WHERE (`entry` = 60030);
INSERT INTO `creature_template` (`entry`, `difficulty_entry_1`, `difficulty_entry_2`, `difficulty_entry_3`, `KillCredit1`, `KillCredit2`, `modelid1`, `modelid2`, `modelid3`, `modelid4`, `name`, `subname`, `IconName`, `gossip_menu_id`, `minlevel`, `maxlevel`, `exp`, `faction`, `npcflag`, `speed_walk`, `speed_run`, `speed_swim`, `speed_flight`, `detection_range`, `scale`, `rank`, `dmgschool`, `DamageModifier`, `BaseAttackTime`, `RangeAttackTime`, `BaseVariance`, `RangeVariance`, `unit_class`, `unit_flags`, `unit_flags2`, `dynamicflags`, `family`, `trainer_type`, `trainer_spell`, `trainer_class`, `trainer_race`, `type`, `type_flags`, `lootid`, `pickpocketloot`, `skinloot`, `PetSpellDataId`, `VehicleId`, `mingold`, `maxgold`, `AIName`, `MovementType`, `HoverHeight`, `HealthModifier`, `ManaModifier`, `ArmorModifier`, `ExperienceModifier`, `RacialLeader`, `movementId`, `RegenHealth`, `mechanic_immune_mask`, `spell_school_immune_mask`, `flags_extra`, `ScriptName`, `VerifiedBuild`) VALUES
(60030, 0, 0, 0, 0, 0, 26375, 0, 0, 0, 'Springcoil', 'S1 | Rank 7', '', 0, 81, 81, 0, 14, 0, 1.1, 1.2, 1, 1, 10, 1, 1, 0, 6, 2000, 2000, 0, 0, 2, 0, 0, 0, 0, 0, 0, 0, 0, 7, 0, 0, 0, 0, 0, 0, 0, 0, 'SmartAI', 0, 1, 75, 20, 10, 1, 0, 0, 1, 0, 0, 1074790400, '', 0);
DELETE FROM `smart_scripts` WHERE (`source_type` = 0 AND `entryorguid` = 60030);
INSERT INTO `smart_scripts` (`entryorguid`, `source_type`, `id`, `link`, `event_type`, `event_phase_mask`, `event_chance`, `event_flags`, `event_param1`, `event_param2`, `event_param3`, `event_param4`, `event_param5`, `event_param6`, `action_type`, `action_param1`, `action_param2`, `action_param3`, `action_param4`, `action_param5`, `action_param6`, `target_type`, `target_param1`, `target_param2`, `target_param3`, `target_param4`, `target_x`, `target_y`, `target_z`, `target_o`, `comment`) VALUES
(60030, 0, 0, 0, 11, 0, 100, 0, 0, 0, 0, 0, 0, 0, 12, 60034, 3, 120000, 0, 0, 0, 1, 0, 0, 0, 0, -2, -2, 0, 0, 'Springcoil - On Respawn - Summon Creature \'Gadgetclank\''),
(60030, 0, 1, 0, 6, 0, 100, 0, 0, 0, 0, 0, 0, 0, 41, 0, 0, 0, 0, 0, 0, 9, 60034, 0, 70, 0, 0, 0, 0, 0, 'Springcoil - On Just Died - Despawn Instant'),
(60030, 0, 2, 3, 0, 0, 100, 0, 0, 0, 0, 0, 0, 0, 11, 200006, 2, 0, 0, 0, 0, 9, 60034, 0, 70, 0, 0, 0, 0, 0, 'Springcoil - In Combat - Cast \'Shared Bonds\''),
(60030, 0, 3, 0, 61, 0, 100, 0, 0, 0, 0, 0, 0, 0, 11, 41363, 2, 0, 0, 0, 0, 9, 60034, 0, 70, 0, 0, 0, 0, 0, 'Springcoil - In Combat - Cast \'Shared Bonds\''),
(60030, 0, 4, 0, 7, 0, 100, 0, 0, 0, 0, 0, 0, 0, 41, 0, 0, 0, 0, 0, 0, 9, 60034, 0, 70, 0, 0, 0, 0, 0, 'Springcoil - On Evade - Despawn Instant'),
(60030, 0, 5, 0, 6, 0, 100, 0, 0, 0, 0, 0, 0, 0, 41, 0, 0, 0, 0, 0, 0, 19, 60035, 70, 0, 0, 0, 0, 0, 0, 'Springcoil - On Just Died - Despawn Instant'),
(60030, 0, 6, 0, 0, 0, 100, 0, 2000, 2000, 2000, 2000, 0, 0, 11, 36345, 64, 0, 0, 0, 0, 2, 0, 0, 0, 0, 0, 0, 0, 0, 'Springcoil - In Combat - Cast \'Death Ray\'');
DELETE FROM `creature_template` WHERE (`entry` = 60034);
INSERT INTO `creature_template` (`entry`, `difficulty_entry_1`, `difficulty_entry_2`, `difficulty_entry_3`, `KillCredit1`, `KillCredit2`, `modelid1`, `modelid2`, `modelid3`, `modelid4`, `name`, `subname`, `IconName`, `gossip_menu_id`, `minlevel`, `maxlevel`, `exp`, `faction`, `npcflag`, `speed_walk`, `speed_run`, `speed_swim`, `speed_flight`, `detection_range`, `scale`, `rank`, `dmgschool`, `DamageModifier`, `BaseAttackTime`, `RangeAttackTime`, `BaseVariance`, `RangeVariance`, `unit_class`, `unit_flags`, `unit_flags2`, `dynamicflags`, `family`, `trainer_type`, `trainer_spell`, `trainer_class`, `trainer_race`, `type`, `type_flags`, `lootid`, `pickpocketloot`, `skinloot`, `PetSpellDataId`, `VehicleId`, `mingold`, `maxgold`, `AIName`, `MovementType`, `HoverHeight`, `HealthModifier`, `ManaModifier`, `ArmorModifier`, `ExperienceModifier`, `RacialLeader`, `movementId`, `RegenHealth`, `mechanic_immune_mask`, `spell_school_immune_mask`, `flags_extra`, `ScriptName`, `VerifiedBuild`) VALUES
(60034, 0, 0, 0, 0, 0, 5435, 0, 0, 0, 'Gadgetclank', 'S1 | Rank 7', '', 0, 81, 81, 0, 14, 0, 1.1, 1.2, 1, 1, 10, 1, 1, 0, 6, 2000, 2000, 0, 0, 1, 0, 0, 0, 0, 0, 0, 0, 0, 7, 0, 0, 0, 0, 0, 0, 0, 0, 'SmartAI', 0, 1, 67.5, 1, 10, 1, 0, 0, 1, 0, 0, 1074790400, '', 0);
DELETE FROM `smart_scripts` WHERE (`source_type` = 0 AND `entryorguid` = 60034);
INSERT INTO `smart_scripts` (`entryorguid`, `source_type`, `id`, `link`, `event_type`, `event_phase_mask`, `event_chance`, `event_flags`, `event_param1`, `event_param2`, `event_param3`, `event_param4`, `event_param5`, `event_param6`, `action_type`, `action_param1`, `action_param2`, `action_param3`, `action_param4`, `action_param5`, `action_param6`, `target_type`, `target_param1`, `target_param2`, `target_param3`, `target_param4`, `target_x`, `target_y`, `target_z`, `target_o`, `comment`) VALUES
(60034, 0, 0, 1, 0, 0, 100, 0, 0, 0, 0, 0, 0, 0, 11, 200006, 2, 0, 0, 0, 0, 9, 60030, 0, 70, 0, 0, 0, 0, 0, 'Gadgetclank - In Combat - Cast \'Shared Bonds\''),
(60034, 0, 1, 0, 61, 0, 100, 0, 0, 0, 0, 0, 0, 0, 11, 41363, 2, 0, 0, 0, 0, 9, 60030, 0, 70, 0, 0, 0, 0, 0, 'Gadgetclank - In Combat - Cast \'Shared Bonds\''),
(60034, 0, 2, 3, 6, 0, 100, 0, 0, 0, 0, 0, 0, 0, 41, 0, 0, 0, 0, 0, 0, 19, 60030, 70, 0, 0, 0, 0, 0, 0, 'Gadgetclank - On Just Died - Despawn Shredder'),
(60034, 0, 3, 0, 61, 0, 100, 0, 0, 0, 0, 0, 0, 0, 41, 0, 0, 0, 0, 0, 0, 1, 0, 0, 0, 0, 0, 0, 0, 0, 'Gadgetclank - On Just Died - Despawn Self'),
(60034, 0, 4, 0, 7, 0, 100, 0, 0, 0, 0, 0, 0, 0, 41, 0, 0, 0, 0, 0, 0, 19, 60035, 70, 0, 0, 0, 0, 0, 0, 'Gadgetclank - On Evade - Despawn Shredder'),
(60034, 0, 5, 0, 0, 0, 100, 0, 15000, 20000, 60000, 65000, 0, 0, 12, 60035, 4, 1000, 1, 0, 0, 2, 0, 0, 0, 0, 0, 0, 0, 0, 'Gadgetclank - In Combat - Summon Creature \'Self Assembling Shredder\'');
DELETE FROM `creature_template` WHERE (`entry` = 60035);
INSERT INTO `creature_template` (`entry`, `difficulty_entry_1`, `difficulty_entry_2`, `difficulty_entry_3`, `KillCredit1`, `KillCredit2`, `modelid1`, `modelid2`, `modelid3`, `modelid4`, `name`, `subname`, `IconName`, `gossip_menu_id`, `minlevel`, `maxlevel`, `exp`, `faction`, `npcflag`, `speed_walk`, `speed_run`, `speed_swim`, `speed_flight`, `detection_range`, `scale`, `rank`, `dmgschool`, `DamageModifier`, `BaseAttackTime`, `RangeAttackTime`, `BaseVariance`, `RangeVariance`, `unit_class`, `unit_flags`, `unit_flags2`, `dynamicflags`, `family`, `trainer_type`, `trainer_spell`, `trainer_class`, `trainer_race`, `type`, `type_flags`, `lootid`, `pickpocketloot`, `skinloot`, `PetSpellDataId`, `VehicleId`, `mingold`, `maxgold`, `AIName`, `MovementType`, `HoverHeight`, `HealthModifier`, `ManaModifier`, `ArmorModifier`, `ExperienceModifier`, `RacialLeader`, `movementId`, `RegenHealth`, `mechanic_immune_mask`, `spell_school_immune_mask`, `flags_extra`, `ScriptName`, `VerifiedBuild`) VALUES
(60035, 0, 0, 0, 0, 0, 26612, 0, 0, 0, 'Self Assembling Shredder', '', '', 0, 81, 81, 0, 14, 0, 1.1, 1.2, 1, 1, 10, 1, 1, 0, 12, 2000, 2000, 0, 0, 1, 0, 0, 0, 0, 0, 0, 0, 0, 9, 0, 0, 0, 0, 0, 0, 0, 0, 'SmartAI', 0, 1, 12, 1, 10, 1, 0, 0, 1, 0, 0, 1074790400, '', 0);
DELETE FROM `smart_scripts` WHERE (`source_type` = 0 AND `entryorguid` = 60035);
INSERT INTO `smart_scripts` (`entryorguid`, `source_type`, `id`, `link`, `event_type`, `event_phase_mask`, `event_chance`, `event_flags`, `event_param1`, `event_param2`, `event_param3`, `event_param4`, `event_param5`, `event_param6`, `action_type`, `action_param1`, `action_param2`, `action_param3`, `action_param4`, `action_param5`, `action_param6`, `target_type`, `target_param1`, `target_param2`, `target_param3`, `target_param4`, `target_x`, `target_y`, `target_z`, `target_o`, `comment`) VALUES
(60035, 0, 0, 1, 0, 0, 100, 0, 0, 0, 0, 0, 0, 0, 75, 66758, 0, 0, 0, 0, 0, 1, 0, 0, 0, 0, 0, 0, 0, 0, 'Self Assembling Shredder - In Combat - Add Aura \'Staggered Daze\''),
(60035, 0, 1, 0, 61, 0, 100, 0, 0, 0, 0, 0, 0, 0, 11, 52663, 2, 0, 0, 0, 0, 1, 0, 0, 0, 0, 0, 0, 0, 0, 'Self Assembling Shredder - In Combat - Cast \'Random Lightning Visual\''),
(60035, 0, 2, 0, 0, 0, 100, 0, 15000, 15000, 0, 0, 0, 0, 28, 52663, 0, 0, 0, 0, 0, 1, 0, 0, 0, 0, 0, 0, 0, 0, 'Self Assembling Shredder - In Combat - Remove Aura \'Random Lightning Visual\''),
(60035, 0, 3, 0, 6, 0, 100, 0, 0, 0, 0, 0, 0, 0, 41, 0, 0, 0, 0, 0, 0, 1, 0, 0, 0, 0, 0, 0, 0, 0, 'Self Assembling Shredder - On Just Died - Despawn Instant'),
(60035, 0, 4, 0, 0, 0, 100, 0, 8000, 12000, 8000, 12000, 0, 0, 11, 31042, 0, 0, 0, 0, 0, 2, 0, 0, 0, 0, 0, 0, 0, 0, 'Self Assembling Shredder - In Combat - Cast \'Shred Armor\'');

DELETE FROM `creature_template` WHERE (`entry` = 60031);
INSERT INTO `creature_template` (`entry`, `difficulty_entry_1`, `difficulty_entry_2`, `difficulty_entry_3`, `KillCredit1`, `KillCredit2`, `modelid1`, `modelid2`, `modelid3`, `modelid4`, `name`, `subname`, `IconName`, `gossip_menu_id`, `minlevel`, `maxlevel`, `exp`, `faction`, `npcflag`, `speed_walk`, `speed_run`, `speed_swim`, `speed_flight`, `detection_range`, `scale`, `rank`, `dmgschool`, `DamageModifier`, `BaseAttackTime`, `RangeAttackTime`, `BaseVariance`, `RangeVariance`, `unit_class`, `unit_flags`, `unit_flags2`, `dynamicflags`, `family`, `trainer_type`, `trainer_spell`, `trainer_class`, `trainer_race`, `type`, `type_flags`, `lootid`, `pickpocketloot`, `skinloot`, `PetSpellDataId`, `VehicleId`, `mingold`, `maxgold`, `AIName`, `MovementType`, `HoverHeight`, `HealthModifier`, `ManaModifier`, `ArmorModifier`, `ExperienceModifier`, `RacialLeader`, `movementId`, `RegenHealth`, `mechanic_immune_mask`, `spell_school_immune_mask`, `flags_extra`, `ScriptName`, `VerifiedBuild`) VALUES
(60031, 0, 0, 0, 0, 0, 18178, 0, 0, 0, 'Boltstrike', 'S1 | Rank 7', '', 0, 81, 81, 0, 14, 0, 1.1, 1.2, 1, 1, 10, 0.2, 1, 0, 12, 2000, 2000, 0, 0, 1, 0, 0, 0, 0, 0, 0, 0, 0, 9, 0, 0, 0, 0, 0, 0, 0, 0, 'SmartAI', 0, 1, 135, 1, 10, 1, 0, 0, 1, 549666683, 0, 1074790400, '', 0);
DELETE FROM `smart_scripts` WHERE (`source_type` = 0 AND `entryorguid` = 60031);
INSERT INTO `smart_scripts` (`entryorguid`, `source_type`, `id`, `link`, `event_type`, `event_phase_mask`, `event_chance`, `event_flags`, `event_param1`, `event_param2`, `event_param3`, `event_param4`, `event_param5`, `event_param6`, `action_type`, `action_param1`, `action_param2`, `action_param3`, `action_param4`, `action_param5`, `action_param6`, `target_type`, `target_param1`, `target_param2`, `target_param3`, `target_param4`, `target_x`, `target_y`, `target_z`, `target_o`, `comment`) VALUES
(60031, 0, 0, 0, 0, 0, 100, 0, 25000, 30000, 31000, 31000, 0, 0, 11, 29837, 0, 0, 0, 0, 0, 1, 0, 0, 0, 0, 0, 0, 0, 0, 'Boltstrike - In Combat - Cast \'Fist of Stone\''),
(60031, 0, 1, 2, 0, 0, 100, 0, 15000, 15000, 30000, 30000, 0, 0, 224, 0, 0, 0, 0, 0, 0, 1, 0, 0, 0, 0, 0, 0, 0, 0, 'Boltstrike - In Combat - Stop Attack'),
(60031, 0, 2, 0, 61, 0, 100, 0, 0, 0, 0, 0, 0, 0, 80, 6003100, 2, 0, 0, 0, 0, 1, 0, 0, 0, 0, 0, 0, 0, 0, 'Boltstrike - In Combat - Run Script'),
(60031, 0, 3, 0, 6, 0, 100, 0, 0, 0, 0, 0, 0, 0, 41, 0, 0, 0, 0, 0, 0, 204, 0, 0, 0, 0, 0, 0, 0, 0, 'Boltstrike - On Just Died - Despawn Instant'),
(60031, 0, 4, 0, 7, 0, 100, 0, 0, 0, 0, 0, 0, 0, 41, 0, 0, 0, 0, 0, 0, 204, 0, 0, 0, 0, 0, 0, 0, 0, 'Boltstrike - On Evade - Despawn Instant');
DELETE FROM `smart_scripts` WHERE (`source_type` = 9 AND `entryorguid` = 6003100);
INSERT INTO `smart_scripts` (`entryorguid`, `source_type`, `id`, `link`, `event_type`, `event_phase_mask`, `event_chance`, `event_flags`, `event_param1`, `event_param2`, `event_param3`, `event_param4`, `event_param5`, `event_param6`, `action_type`, `action_param1`, `action_param2`, `action_param3`, `action_param4`, `action_param5`, `action_param6`, `target_type`, `target_param1`, `target_param2`, `target_param3`, `target_param4`, `target_x`, `target_y`, `target_z`, `target_o`, `comment`) VALUES
(6003100, 9, 0, 0, 0, 0, 100, 0, 0, 0, 0, 0, 0, 0, 8, 0, 0, 0, 0, 0, 0, 1, 0, 0, 0, 0, 0, 0, 0, 0, 'Boltstrike - Actionlist - Set Reactstate Passive'),
(6003100, 9, 1, 0, 0, 0, 100, 0, 0, 0, 0, 0, 0, 0, 69, 0, 0, 0, 0, 0, 0, 8, 0, 0, 0, 0, 2178.8, -4764.79, 55.13, 0, 'Boltstrike - Actionlist - Move To Center'),
(6003100, 9, 2, 0, 0, 0, 100, 0, 3000, 3000, 0, 0, 0, 0, 228, 60036, 30000, 12, 0, 30, 5, 1, 0, 0, 0, 0, 0, 0, 0, 0, 'Boltstrike - Actionlist - Do Radial Summon 5y'),
(6003100, 9, 3, 0, 0, 0, 100, 0, 500, 500, 0, 0, 0, 0, 228, 60036, 30000, 18, 0, 20, 10, 1, 0, 0, 0, 0, 0, 0, 0, 0, 'Boltstrike - Actionlist - Do Radial Summon 10y'),
(6003100, 9, 4, 0, 0, 0, 100, 0, 500, 500, 0, 0, 0, 0, 228, 60036, 30000, 24, 0, 15, 15, 1, 0, 0, 0, 0, 0, 0, 0, 0, 'Boltstrike - Actionlist - Do Radial Summon 15y'),
(6003100, 9, 5, 0, 0, 0, 100, 0, 500, 500, 0, 0, 0, 0, 228, 60036, 30000, 36, 0, 10, 22, 1, 0, 0, 0, 0, 0, 0, 0, 0, 'Boltstrike - Actionlist - Do Radial Summon 22y'),
(6003100, 9, 6, 0, 0, 0, 100, 0, 1000, 1000, 0, 0, 0, 0, 8, 2, 0, 0, 0, 0, 0, 1, 0, 0, 0, 0, 0, 0, 0, 0, 'Boltstrike - Actionlist - Set Reactstate Aggressive');
DELETE FROM `creature_template` WHERE (`entry` = 60036);
INSERT INTO `creature_template` (`entry`, `difficulty_entry_1`, `difficulty_entry_2`, `difficulty_entry_3`, `KillCredit1`, `KillCredit2`, `modelid1`, `modelid2`, `modelid3`, `modelid4`, `name`, `subname`, `IconName`, `gossip_menu_id`, `minlevel`, `maxlevel`, `exp`, `faction`, `npcflag`, `speed_walk`, `speed_run`, `speed_swim`, `speed_flight`, `detection_range`, `scale`, `rank`, `dmgschool`, `DamageModifier`, `BaseAttackTime`, `RangeAttackTime`, `BaseVariance`, `RangeVariance`, `unit_class`, `unit_flags`, `unit_flags2`, `dynamicflags`, `family`, `trainer_type`, `trainer_spell`, `trainer_class`, `trainer_race`, `type`, `type_flags`, `lootid`, `pickpocketloot`, `skinloot`, `PetSpellDataId`, `VehicleId`, `mingold`, `maxgold`, `AIName`, `MovementType`, `HoverHeight`, `HealthModifier`, `ManaModifier`, `ArmorModifier`, `ExperienceModifier`, `RacialLeader`, `movementId`, `RegenHealth`, `mechanic_immune_mask`, `spell_school_immune_mask`, `flags_extra`, `ScriptName`, `VerifiedBuild`) VALUES
(60036, 0, 0, 0, 0, 0, 6271, 0, 0, 0, 'Unstable Mine', '', '', 0, 81, 81, 0, 14, 0, 1.1, 1.2, 1, 1, 10, 1, 0, 0, 12, 2000, 2000, 0, 0, 1, 0, 0, 0, 0, 0, 0, 0, 0, 9, 1048576, 0, 0, 0, 0, 0, 0, 0, 'SmartAI', 0, 1, 1, 1, 10, 1, 0, 0, 1, 0, 0, 1087373334, '', 0);
DELETE FROM `smart_scripts` WHERE (`source_type` = 0 AND `entryorguid` = 60036);
INSERT INTO `smart_scripts` (`entryorguid`, `source_type`, `id`, `link`, `event_type`, `event_phase_mask`, `event_chance`, `event_flags`, `event_param1`, `event_param2`, `event_param3`, `event_param4`, `event_param5`, `event_param6`, `action_type`, `action_param1`, `action_param2`, `action_param3`, `action_param4`, `action_param5`, `action_param6`, `target_type`, `target_param1`, `target_param2`, `target_param3`, `target_param4`, `target_x`, `target_y`, `target_z`, `target_o`, `comment`) VALUES
(60036, 0, 0, 0, 101, 0, 100, 0, 1, 1, 10000, 500, 500, 0, 11, 28433, 2, 0, 0, 0, 0, 1, 0, 0, 0, 0, 0, 0, 0, 0, 'Unstable Mine - On 1 or More Players in 1y - Cast \'Explode\''),
(60036, 0, 1, 0, 6, 0, 100, 0, 0, 0, 0, 0, 0, 0, 41, 1500, 0, 0, 0, 0, 0, 1, 0, 0, 0, 0, 0, 0, 0, 0, 'Unstable Mine - On Just Died - Despawn Self'),
(60036, 0, 2, 0, 11, 0, 100, 0, 0, 0, 0, 0, 0, 0, 8, 0, 0, 0, 0, 0, 0, 1, 0, 0, 0, 0, 0, 0, 0, 0, 'Unstable Mine - On Respawn - Set Reactstate Passive');

DELETE FROM `creature_template` WHERE (`entry` = 60032);
INSERT INTO `creature_template` (`entry`, `difficulty_entry_1`, `difficulty_entry_2`, `difficulty_entry_3`, `KillCredit1`, `KillCredit2`, `modelid1`, `modelid2`, `modelid3`, `modelid4`, `name`, `subname`, `IconName`, `gossip_menu_id`, `minlevel`, `maxlevel`, `exp`, `faction`, `npcflag`, `speed_walk`, `speed_run`, `speed_swim`, `speed_flight`, `detection_range`, `scale`, `rank`, `dmgschool`, `DamageModifier`, `BaseAttackTime`, `RangeAttackTime`, `BaseVariance`, `RangeVariance`, `unit_class`, `unit_flags`, `unit_flags2`, `dynamicflags`, `family`, `trainer_type`, `trainer_spell`, `trainer_class`, `trainer_race`, `type`, `type_flags`, `lootid`, `pickpocketloot`, `skinloot`, `PetSpellDataId`, `VehicleId`, `mingold`, `maxgold`, `AIName`, `MovementType`, `HoverHeight`, `HealthModifier`, `ManaModifier`, `ArmorModifier`, `ExperienceModifier`, `RacialLeader`, `movementId`, `RegenHealth`, `mechanic_immune_mask`, `spell_school_immune_mask`, `flags_extra`, `ScriptName`, `VerifiedBuild`) VALUES
(60032, 0, 0, 0, 0, 0, 18039, 0, 0, 0, 'Tyson Sanders', 'S1 | Rank 7', '', 0, 81, 81, 0, 14, 0, 1.1, 1.2, 1, 1, 10, 1, 1, 0, 8, 2000, 2000, 0, 0, 2, 0, 0, 0, 0, 0, 0, 0, 0, 7, 0, 0, 0, 0, 0, 0, 0, 0, 'SmartAI', 0, 1, 135, 10, 10, 1, 0, 0, 1, 0, 0, 1074790400, '', 0);
DELETE FROM `smart_scripts` WHERE (`source_type` = 0 AND `entryorguid` = 60032);
INSERT INTO `smart_scripts` (`entryorguid`, `source_type`, `id`, `link`, `event_type`, `event_phase_mask`, `event_chance`, `event_flags`, `event_param1`, `event_param2`, `event_param3`, `event_param4`, `event_param5`, `event_param6`, `action_type`, `action_param1`, `action_param2`, `action_param3`, `action_param4`, `action_param5`, `action_param6`, `target_type`, `target_param1`, `target_param2`, `target_param3`, `target_param4`, `target_x`, `target_y`, `target_z`, `target_o`, `comment`) VALUES
(60032, 0, 0, 0, 0, 0, 100, 0, 2000, 3000, 25000, 30000, 0, 0, 12, 60037, 2, 60000, 1, 0, 0, 2, 0, 0, 0, 0, 0, 0, 0, 0, 'Tyson Sanders - In Combat - Summon Creature \'Unreliable Chicken\''),
(60032, 0, 1, 0, 6, 0, 100, 0, 0, 0, 0, 0, 0, 0, 41, 0, 0, 0, 0, 0, 0, 204, 0, 0, 0, 0, 0, 0, 0, 0, 'Tyson Sanders - On Just Died - Despawn Summons'),
(60032, 0, 2, 0, 7, 0, 100, 0, 0, 0, 0, 0, 0, 0, 41, 0, 0, 0, 0, 0, 0, 204, 0, 0, 0, 0, 0, 0, 0, 0, 'Tyson Sanders - On Evade - Despawn Summons');
DELETE FROM `creature_template` WHERE (`entry` = 60037);
INSERT INTO `creature_template` (`entry`, `difficulty_entry_1`, `difficulty_entry_2`, `difficulty_entry_3`, `KillCredit1`, `KillCredit2`, `modelid1`, `modelid2`, `modelid3`, `modelid4`, `name`, `subname`, `IconName`, `gossip_menu_id`, `minlevel`, `maxlevel`, `exp`, `faction`, `npcflag`, `speed_walk`, `speed_run`, `speed_swim`, `speed_flight`, `detection_range`, `scale`, `rank`, `dmgschool`, `DamageModifier`, `BaseAttackTime`, `RangeAttackTime`, `BaseVariance`, `RangeVariance`, `unit_class`, `unit_flags`, `unit_flags2`, `dynamicflags`, `family`, `trainer_type`, `trainer_spell`, `trainer_class`, `trainer_race`, `type`, `type_flags`, `lootid`, `pickpocketloot`, `skinloot`, `PetSpellDataId`, `VehicleId`, `mingold`, `maxgold`, `AIName`, `MovementType`, `HoverHeight`, `HealthModifier`, `ManaModifier`, `ArmorModifier`, `ExperienceModifier`, `RacialLeader`, `movementId`, `RegenHealth`, `mechanic_immune_mask`, `spell_school_immune_mask`, `flags_extra`, `ScriptName`, `VerifiedBuild`) VALUES
(60037, 0, 0, 0, 0, 0, 6909, 0, 0, 0, 'Unreliable Chicken', '', '', 0, 81, 81, 0, 14, 0, 1.1, 1.2, 1, 1, 10, 1.5, 0, 0, 10, 2000, 2000, 0, 0, 1, 0, 0, 0, 0, 0, 0, 0, 0, 9, 0, 0, 0, 0, 0, 0, 0, 0, 'SmartAI', 0, 1, 6, 1, 10, 1, 0, 0, 1, 0, 0, 1083179028, '', 0);
DELETE FROM `smart_scripts` WHERE (`source_type` = 0 AND `entryorguid` = 60037);
INSERT INTO `smart_scripts` (`entryorguid`, `source_type`, `id`, `link`, `event_type`, `event_phase_mask`, `event_chance`, `event_flags`, `event_param1`, `event_param2`, `event_param3`, `event_param4`, `event_param5`, `event_param6`, `action_type`, `action_param1`, `action_param2`, `action_param3`, `action_param4`, `action_param5`, `action_param6`, `target_type`, `target_param1`, `target_param2`, `target_param3`, `target_param4`, `target_x`, `target_y`, `target_z`, `target_o`, `comment`) VALUES
(60037, 0, 0, 0, 0, 0, 100, 0, 0, 0, 0, 0, 0, 0, 31, 1, 3, 0, 0, 0, 0, 1, 0, 0, 0, 0, 0, 0, 0, 0, 'Unreliable Chicken - In Combat - Set Phase Random Between 1-3'),
(60037, 0, 1, 0, 0, 1, 100, 0, 3500, 3500, 3500, 3500, 0, 0, 11, 16791, 0, 0, 0, 0, 0, 1, 0, 0, 0, 0, 0, 0, 0, 0, 'Unreliable Chicken - In Combat - Cast \'Furious Anger\' (Phase 1)'),
(60037, 0, 2, 0, 0, 2, 100, 0, 30000, 30000, 29500, 29500, 0, 0, 80, 6003700, 2, 0, 0, 0, 0, 1, 0, 0, 0, 0, 0, 0, 0, 0, 'Unreliable Chicken - In Combat - Run Script (Phase 2)'),
(60037, 0, 3, 0, 0, 4, 100, 0, 1000, 5000, 10000, 15000, 0, 0, 11, 52118, 0, 0, 0, 0, 0, 1, 0, 0, 0, 0, 0, 0, 0, 0, 'Unreliable Chicken - In Combat - Cast \'Pulsing Shards\' (Phase 3)');
DELETE FROM `smart_scripts` WHERE (`source_type` = 9 AND `entryorguid` = 6003700);
INSERT INTO `smart_scripts` (`entryorguid`, `source_type`, `id`, `link`, `event_type`, `event_phase_mask`, `event_chance`, `event_flags`, `event_param1`, `event_param2`, `event_param3`, `event_param4`, `event_param5`, `event_param6`, `action_type`, `action_param1`, `action_param2`, `action_param3`, `action_param4`, `action_param5`, `action_param6`, `target_type`, `target_param1`, `target_param2`, `target_param3`, `target_param4`, `target_x`, `target_y`, `target_z`, `target_o`, `comment`) VALUES
(6003700, 9, 0, 0, 0, 0, 100, 0, 0, 0, 0, 0, 0, 0, 8, 0, 0, 0, 0, 0, 0, 1, 0, 0, 0, 0, 0, 0, 0, 0, 'Unreliable Chicken - Actionlist - Set Reactstate Passive'),
(6003700, 9, 1, 0, 0, 0, 100, 0, 0, 0, 0, 0, 0, 0, 224, 0, 0, 0, 0, 0, 0, 1, 0, 0, 0, 0, 0, 0, 0, 0, 'Unreliable Chicken - Actionlist - Stop Attack'),
(6003700, 9, 2, 0, 0, 0, 100, 0, 1000, 1000, 0, 0, 0, 0, 11, 55928, 0, 0, 0, 0, 0, 1, 0, 0, 0, 0, 0, 0, 0, 0, 'Unreliable Chicken - Actionlist - Cast \'Flame Sphere Visual\''),
(6003700, 9, 3, 0, 0, 0, 100, 0, 2000, 2000, 0, 0, 0, 0, 11, 54537, 0, 0, 0, 0, 0, 1, 0, 0, 0, 0, 0, 0, 0, 0, 'Unreliable Chicken - Actionlist - Cast \'Detonation\''),
(6003700, 9, 4, 0, 0, 0, 100, 0, 0, 0, 0, 0, 0, 0, 28, 55928, 0, 0, 0, 0, 0, 1, 0, 0, 0, 0, 0, 0, 0, 0, 'Unreliable Chicken - Actionlist - Remove Aura \'Flame Sphere Visual\''),
(6003700, 9, 5, 0, 0, 0, 100, 0, 0, 0, 0, 0, 0, 0, 8, 2, 0, 0, 0, 0, 0, 1, 0, 0, 0, 0, 0, 0, 0, 0, 'Unreliable Chicken - Actionlist - Set Reactstate Aggressive');

DELETE FROM `creature_template` WHERE (`entry` = 60033);
INSERT INTO `creature_template` (`entry`, `difficulty_entry_1`, `difficulty_entry_2`, `difficulty_entry_3`, `KillCredit1`, `KillCredit2`, `modelid1`, `modelid2`, `modelid3`, `modelid4`, `name`, `subname`, `IconName`, `gossip_menu_id`, `minlevel`, `maxlevel`, `exp`, `faction`, `npcflag`, `speed_walk`, `speed_run`, `speed_swim`, `speed_flight`, `detection_range`, `scale`, `rank`, `dmgschool`, `DamageModifier`, `BaseAttackTime`, `RangeAttackTime`, `BaseVariance`, `RangeVariance`, `unit_class`, `unit_flags`, `unit_flags2`, `dynamicflags`, `family`, `trainer_type`, `trainer_spell`, `trainer_class`, `trainer_race`, `type`, `type_flags`, `lootid`, `pickpocketloot`, `skinloot`, `PetSpellDataId`, `VehicleId`, `mingold`, `maxgold`, `AIName`, `MovementType`, `HoverHeight`, `HealthModifier`, `ManaModifier`, `ArmorModifier`, `ExperienceModifier`, `RacialLeader`, `movementId`, `RegenHealth`, `mechanic_immune_mask`, `spell_school_immune_mask`, `flags_extra`, `ScriptName`, `VerifiedBuild`) VALUES
(60033, 0, 0, 0, 0, 0, 26547, 26531, 26530, 0, 'T800 Multi-Mode Robot', 'S1 | Rank 7', '', 0, 81, 81, 0, 14, 0, 1.1, 1.2, 1, 1, 10, 5, 1, 0, 12, 2000, 2000, 0, 0, 2, 0, 0, 0, 0, 0, 0, 0, 0, 9, 0, 0, 0, 0, 0, 0, 0, 0, 'SmartAI', 0, 1, 150, 1, 10, 1, 0, 0, 1, 0, 0, 1074790400, '', 0);
DELETE FROM `smart_scripts` WHERE (`source_type` = 0 AND `entryorguid` = 60033);
INSERT INTO `smart_scripts` (`entryorguid`, `source_type`, `id`, `link`, `event_type`, `event_phase_mask`, `event_chance`, `event_flags`, `event_param1`, `event_param2`, `event_param3`, `event_param4`, `event_param5`, `event_param6`, `action_type`, `action_param1`, `action_param2`, `action_param3`, `action_param4`, `action_param5`, `action_param6`, `target_type`, `target_param1`, `target_param2`, `target_param3`, `target_param4`, `target_x`, `target_y`, `target_z`, `target_o`, `comment`) VALUES
(60033, 0, 0, 0, 0, 0, 100, 0, 5000, 5000, 20000, 20000, 0, 0, 31, 1, 3, 0, 0, 0, 0, 1, 0, 0, 0, 0, 0, 0, 0, 0, 'T800 Multi-Mode Robot - In Combat - Set Phase Random Between 1-3'),
(60033, 0, 1, 0, 0, 1, 100, 0, 2500, 3500, 5000, 9000, 0, 0, 11, 59330, 0, 0, 0, 0, 0, 2, 0, 0, 0, 0, 0, 0, 0, 0, 'T800 Multi-Mode Robot - In Combat - Cast \'Crush\' (Phase 1)'),
(60033, 0, 2, 0, 0, 1, 100, 0, 4000, 6000, 10000, 15000, 0, 0, 11, 43529, 0, 0, 0, 0, 0, 2, 0, 0, 0, 0, 0, 0, 0, 0, 'T800 Multi-Mode Robot - In Combat - Cast \'Mortal Strike\' (Phase 1)'),
(60033, 0, 3, 0, 0, 2, 100, 0, 1500, 3000, 8000, 10000, 0, 0, 11, 26143, 64, 0, 0, 0, 0, 2, 0, 0, 0, 0, 0, 0, 0, 0, 'T800 Multi-Mode Robot - In Combat - Cast \'Mind Flay\' (Phase 2)'),
(60033, 0, 4, 0, 0, 2, 100, 0, 4000, 6000, 10000, 15000, 0, 0, 11, 30600, 64, 0, 0, 0, 0, 1, 0, 0, 0, 0, 0, 0, 0, 0, 'T800 Multi-Mode Robot - In Combat - Cast \'Blast Wave\' (Phase 2)'),
(60033, 0, 5, 0, 0, 4, 100, 0, 2500, 3500, 0, 0, 0, 0, 11, 33967, 0, 0, 0, 0, 0, 2, 0, 0, 0, 0, 0, 0, 0, 0, 'T800 Multi-Mode Robot - In Combat - Cast \'Thunderclap\' (Phase 3)'),
(60033, 0, 6, 0, 0, 4, 100, 0, 4000, 6000, 10000, 15000, 0, 0, 11, 3651, 0, 0, 0, 0, 0, 1, 0, 0, 0, 0, 0, 0, 0, 0, 'T800 Multi-Mode Robot - In Combat - Cast \'Shield of Reflection\' (Phase 3)'),
(60033, 0, 7, 0, 13, 0, 100, 0, 10000, 15000, 0, 0, 0, 0, 11, 67235, 0, 0, 0, 0, 0, 2, 0, 0, 0, 0, 0, 0, 0, 0, 'T800 Multi-Mode Robot - On Victim Casting  - Cast \'Pummel\'');
