-- Rank 1
DELETE FROM `creature_template` WHERE (`entry` = 60002);
INSERT INTO `creature_template` (`entry`, `difficulty_entry_1`, `difficulty_entry_2`, `difficulty_entry_3`, `KillCredit1`, `KillCredit2`, `modelid1`, `modelid2`, `modelid3`, `modelid4`, `name`, `subname`, `IconName`, `gossip_menu_id`, `minlevel`, `maxlevel`, `exp`, `faction`, `npcflag`, `speed_walk`, `speed_run`, `speed_swim`, `speed_flight`, `detection_range`, `scale`, `rank`, `dmgschool`, `DamageModifier`, `BaseAttackTime`, `RangeAttackTime`, `BaseVariance`, `RangeVariance`, `unit_class`, `unit_flags`, `unit_flags2`, `dynamicflags`, `family`, `trainer_type`, `trainer_spell`, `trainer_class`, `trainer_race`, `type`, `type_flags`, `lootid`, `pickpocketloot`, `skinloot`, `PetSpellDataId`, `VehicleId`, `mingold`, `maxgold`, `AIName`, `MovementType`, `HoverHeight`, `HealthModifier`, `ManaModifier`, `ArmorModifier`, `ExperienceModifier`, `RacialLeader`, `movementId`, `RegenHealth`, `mechanic_immune_mask`, `spell_school_immune_mask`, `flags_extra`, `ScriptName`, `VerifiedBuild`) VALUES
(60002, 0, 0, 0, 0, 0, 25390, 0, 0, 0, 'Bob', 'S1 | Rank 1', '', 0, 81, 81, 0, 14, 0, 1.1, 1.25, 1, 1, 10, 1, 1, 0, 10, 0, 0, 0, 0, 1, 0, 0, 0, 46, 0, 0, 0, 0, 1, 0, 0, 0, 0, 0, 0, 0, 0, 'SmartAI', 0, 1, 105, 1, 10, 1, 0, 0, 1, 0, 0, 1048576, '', 0);
DELETE FROM `smart_scripts` WHERE (`source_type` = 0 AND `entryorguid` = 60002);
INSERT INTO `smart_scripts` (`entryorguid`, `source_type`, `id`, `link`, `event_type`, `event_phase_mask`, `event_chance`, `event_flags`, `event_param1`, `event_param2`, `event_param3`, `event_param4`, `event_param5`, `event_param6`, `action_type`, `action_param1`, `action_param2`, `action_param3`, `action_param4`, `action_param5`, `action_param6`, `target_type`, `target_param1`, `target_param2`, `target_param3`, `target_param4`, `target_x`, `target_y`, `target_z`, `target_o`, `comment`) VALUES
(60002, 0, 0, 0, 0, 0, 100, 0, 5000, 5000, 10000, 10000, 0, 0, 11, 16791, 0, 0, 0, 0, 0, 1, 0, 0, 0, 0, 0, 0, 0, 0, 'Bob - In Combat - Cast \'Furious Anger\''),
(60002, 0, 1, 0, 9, 0, 100, 0, 0, 5000, 7000, 12000, 8, 40, 11, 61174, 0, 0, 0, 0, 0, 2, 0, 0, 0, 0, 0, 0, 0, 0, 'Bob - Within 8-40 Range - Cast \'Slide\''),
(60002, 0, 2, 0, 0, 0, 100, 0, 0, 8000, 12000, 16000, 0, 0, 11, 29578, 32, 0, 0, 0, 0, 2, 0, 0, 0, 0, 0, 0, 0, 0, 'Bob - In Combat - Cast \'Rend\''),
(60002, 0, 3, 0, 2, 0, 100, 0, 20, 25, 0, 0, 0, 0, 11, 37023, 0, 0, 0, 0, 0, 1, 0, 0, 0, 0, 0, 0, 0, 0, 'Bob - Between 20-25% Health - Cast \'Frenzy\' (20% physical)');

DELETE FROM `creature_template` WHERE (`entry` = 60003);
INSERT INTO `creature_template` (`entry`, `difficulty_entry_1`, `difficulty_entry_2`, `difficulty_entry_3`, `KillCredit1`, `KillCredit2`, `modelid1`, `modelid2`, `modelid3`, `modelid4`, `name`, `subname`, `IconName`, `gossip_menu_id`, `minlevel`, `maxlevel`, `exp`, `faction`, `npcflag`, `speed_walk`, `speed_run`, `speed_swim`, `speed_flight`, `detection_range`, `scale`, `rank`, `dmgschool`, `DamageModifier`, `BaseAttackTime`, `RangeAttackTime`, `BaseVariance`, `RangeVariance`, `unit_class`, `unit_flags`, `unit_flags2`, `dynamicflags`, `family`, `trainer_type`, `trainer_spell`, `trainer_class`, `trainer_race`, `type`, `type_flags`, `lootid`, `pickpocketloot`, `skinloot`, `PetSpellDataId`, `VehicleId`, `mingold`, `maxgold`, `AIName`, `MovementType`, `HoverHeight`, `HealthModifier`, `ManaModifier`, `ArmorModifier`, `ExperienceModifier`, `RacialLeader`, `movementId`, `RegenHealth`, `mechanic_immune_mask`, `spell_school_immune_mask`, `flags_extra`, `ScriptName`, `VerifiedBuild`) VALUES
(60003, 0, 0, 0, 0, 0, 682, 0, 0, 0, 'Smiley', 'S1 | Rank 1', '', 0, 81, 81, 0, 14, 0, 1.1, 1.25, 1, 1, 10, 3, 1, 0, 10, 0, 0, 0, 0, 1, 0, 0, 0, 0, 0, 0, 0, 0, 10, 0, 0, 0, 0, 0, 0, 0, 0, 'SmartAI', 0, 1, 105, 1, 10, 1, 0, 0, 1, 0, 0, 1048576, '', 0);
DELETE FROM `creature_template_addon` WHERE (`entry` = 60003);
INSERT INTO `creature_template_addon` (`entry`, `path_id`, `mount`, `bytes1`, `bytes2`, `emote`, `visibilityDistanceType`, `auras`) VALUES
(60003, 0, 0, 0, 0, 0, 0, '29486');
DELETE FROM `smart_scripts` WHERE (`source_type` = 0 AND `entryorguid` = 60003);
INSERT INTO `smart_scripts` (`entryorguid`, `source_type`, `id`, `link`, `event_type`, `event_phase_mask`, `event_chance`, `event_flags`, `event_param1`, `event_param2`, `event_param3`, `event_param4`, `event_param5`, `event_param6`, `action_type`, `action_param1`, `action_param2`, `action_param3`, `action_param4`, `action_param5`, `action_param6`, `target_type`, `target_param1`, `target_param2`, `target_param3`, `target_param4`, `target_x`, `target_y`, `target_z`, `target_o`, `comment`) VALUES
(60003, 0, 0, 0, 0, 0, 100, 0, 8000, 16000, 16000, 20000, 0, 0, 11, 51137, 0, 0, 0, 0, 0, 2, 0, 0, 0, 0, 0, 0, 0, 0, 'Smiley - In Combat - Cast \'Paralyzing Slime\'');

DELETE FROM `creature_template` WHERE (`entry` = 60004);
INSERT INTO `creature_template` (`entry`, `difficulty_entry_1`, `difficulty_entry_2`, `difficulty_entry_3`, `KillCredit1`, `KillCredit2`, `modelid1`, `modelid2`, `modelid3`, `modelid4`, `name`, `subname`, `IconName`, `gossip_menu_id`, `minlevel`, `maxlevel`, `exp`, `faction`, `npcflag`, `speed_walk`, `speed_run`, `speed_swim`, `speed_flight`, `detection_range`, `scale`, `rank`, `dmgschool`, `DamageModifier`, `BaseAttackTime`, `RangeAttackTime`, `BaseVariance`, `RangeVariance`, `unit_class`, `unit_flags`, `unit_flags2`, `dynamicflags`, `family`, `trainer_type`, `trainer_spell`, `trainer_class`, `trainer_race`, `type`, `type_flags`, `lootid`, `pickpocketloot`, `skinloot`, `PetSpellDataId`, `VehicleId`, `mingold`, `maxgold`, `AIName`, `MovementType`, `HoverHeight`, `HealthModifier`, `ManaModifier`, `ArmorModifier`, `ExperienceModifier`, `RacialLeader`, `movementId`, `RegenHealth`, `mechanic_immune_mask`, `spell_school_immune_mask`, `flags_extra`, `ScriptName`, `VerifiedBuild`) VALUES
(60004, 0, 0, 0, 0, 0, 25558, 0, 0, 0, 'Dungeon Master Billy', 'S1 | Rank 1', '', 0, 81, 81, 0, 14, 0, 1.1, 1.25, 1, 1, 10, 1.5, 1, 0, 10, 0, 0, 0, 0, 1, 0, 0, 0, 0, 0, 0, 0, 0, 7, 0, 0, 0, 0, 0, 0, 0, 0, 'SmartAI', 0, 1, 105, 1, 10, 1, 0, 0, 1, 0, 0, 1048576, '', 0);
DELETE FROM `smart_scripts` WHERE (`source_type` = 0 AND `entryorguid` = 60004);
INSERT INTO `smart_scripts` (`entryorguid`, `source_type`, `id`, `link`, `event_type`, `event_phase_mask`, `event_chance`, `event_flags`, `event_param1`, `event_param2`, `event_param3`, `event_param4`, `event_param5`, `event_param6`, `action_type`, `action_param1`, `action_param2`, `action_param3`, `action_param4`, `action_param5`, `action_param6`, `target_type`, `target_param1`, `target_param2`, `target_param3`, `target_param4`, `target_x`, `target_y`, `target_z`, `target_o`, `comment`) VALUES
(60004, 0, 0, 0, 9, 0, 100, 0, 0, 5000, 10000, 15000, 5, 30, 11, 49576, 0, 0, 0, 0, 0, 2, 0, 0, 0, 0, 0, 0, 0, 0, 'Dungeon Master Billy - Within 5-30 Range - Cast \'Death Grip\''),
(60004, 0, 1, 0, 9, 0, 100, 0, 6000, 8000, 6000, 12000, 0, 5, 11, 60924, 0, 0, 0, 0, 0, 2, 0, 0, 0, 0, 0, 0, 0, 0, 'Dungeon Master Billy - Within 0-5 Range - Cast \'Lich Slap\''),
(60004, 0, 2, 3, 0, 0, 100, 1, 25000, 50000, 0, 0, 0, 0, 224, 0, 0, 0, 0, 0, 0, 1, 0, 0, 0, 0, 0, 0, 0, 0, 'Dungeon Master Billy - In Combat - Stop Attack (No Repeat)'),
(60004, 0, 3, 4, 61, 0, 100, 0, 0, 0, 0, 0, 0, 0, 5, 94, 0, 0, 0, 0, 0, 1, 0, 0, 0, 0, 0, 0, 0, 0, 'Dungeon Master Billy - In Combat - Play Emote 94 (No Repeat)'),
(60004, 0, 4, 0, 61, 0, 100, 0, 0, 0, 0, 0, 0, 0, 11, 42741, 0, 0, 0, 0, 0, 1, 0, 0, 0, 0, 0, 0, 0, 0, 'Dungeon Master Billy - In Combat - Cast \'Pumped Up!\' (No Repeat)'),
(60004, 0, 5, 6, 22, 0, 100, 1, 17, 1000, 1000, 0, 0, 0, 75, 62537, 0, 0, 0, 0, 0, 1, 0, 0, 0, 0, 0, 0, 0, 0, 'Dungeon Master Billy - Received Emote 17 - Add Aura \'Frog Love\' (No Repeat)'),
(60004, 0, 6, 0, 61, 0, 100, 0, 0, 0, 0, 0, 0, 0, 75, 26034, 0, 0, 0, 0, 0, 1, 0, 0, 0, 0, 0, 0, 0, 0, 'Dungeon Master Billy - Received Emote 17 - Add Aura \'Viscidus Slowed\' (No Repeat)');

DELETE FROM `creature_template` WHERE (`entry` = 60005);
INSERT INTO `creature_template` (`entry`, `difficulty_entry_1`, `difficulty_entry_2`, `difficulty_entry_3`, `KillCredit1`, `KillCredit2`, `modelid1`, `modelid2`, `modelid3`, `modelid4`, `name`, `subname`, `IconName`, `gossip_menu_id`, `minlevel`, `maxlevel`, `exp`, `faction`, `npcflag`, `speed_walk`, `speed_run`, `speed_swim`, `speed_flight`, `detection_range`, `scale`, `rank`, `dmgschool`, `DamageModifier`, `BaseAttackTime`, `RangeAttackTime`, `BaseVariance`, `RangeVariance`, `unit_class`, `unit_flags`, `unit_flags2`, `dynamicflags`, `family`, `trainer_type`, `trainer_spell`, `trainer_class`, `trainer_race`, `type`, `type_flags`, `lootid`, `pickpocketloot`, `skinloot`, `PetSpellDataId`, `VehicleId`, `mingold`, `maxgold`, `AIName`, `MovementType`, `HoverHeight`, `HealthModifier`, `ManaModifier`, `ArmorModifier`, `ExperienceModifier`, `RacialLeader`, `movementId`, `RegenHealth`, `mechanic_immune_mask`, `spell_school_immune_mask`, `flags_extra`, `ScriptName`, `VerifiedBuild`) VALUES
(60005, 0, 0, 0, 0, 0, 15695, 0, 0, 0, 'Zerg', 'S1 | Rank 1', '', 0, 81, 81, 0, 14, 0, 1.1, 1.25, 1, 1, 10, 0.25, 1, 0, 10, 0, 0, 0, 0, 1, 0, 0, 0, 41, 0, 0, 0, 0, 1, 0, 0, 0, 0, 0, 0, 0, 0, 'SmartAI', 0, 1, 105, 1, 10, 1, 0, 0, 1, 0, 0, 1048576, '', 0);
DELETE FROM `smart_scripts` WHERE (`source_type` = 0 AND `entryorguid` = 60005);
INSERT INTO `smart_scripts` (`entryorguid`, `source_type`, `id`, `link`, `event_type`, `event_phase_mask`, `event_chance`, `event_flags`, `event_param1`, `event_param2`, `event_param3`, `event_param4`, `event_param5`, `event_param6`, `action_type`, `action_param1`, `action_param2`, `action_param3`, `action_param4`, `action_param5`, `action_param6`, `target_type`, `target_param1`, `target_param2`, `target_param3`, `target_param4`, `target_x`, `target_y`, `target_z`, `target_o`, `comment`) VALUES
(60005, 0, 0, 0, 0, 0, 100, 0, 3000, 6000, 3000, 6000, 0, 0, 11, 17470, 0, 0, 0, 0, 0, 2, 0, 0, 0, 0, 0, 0, 0, 0, 'Zerg - In Combat - Cast \'Ravenous Claw\''),
(60005, 0, 1, 0, 0, 0, 100, 0, 0, 8000, 5000, 10000, 0, 0, 11, 54115, 0, 0, 0, 0, 0, 2, 0, 0, 0, 0, 0, 0, 0, 0, 'Zerg - In Combat - Cast \'Blight Crystal Explosion\'');

-- Rank 2
DELETE FROM `creature_template` WHERE (`entry` = 60006);
INSERT INTO `creature_template` (`entry`, `difficulty_entry_1`, `difficulty_entry_2`, `difficulty_entry_3`, `KillCredit1`, `KillCredit2`, `modelid1`, `modelid2`, `modelid3`, `modelid4`, `name`, `subname`, `IconName`, `gossip_menu_id`, `minlevel`, `maxlevel`, `exp`, `faction`, `npcflag`, `speed_walk`, `speed_run`, `speed_swim`, `speed_flight`, `detection_range`, `scale`, `rank`, `dmgschool`, `DamageModifier`, `BaseAttackTime`, `RangeAttackTime`, `BaseVariance`, `RangeVariance`, `unit_class`, `unit_flags`, `unit_flags2`, `dynamicflags`, `family`, `trainer_type`, `trainer_spell`, `trainer_class`, `trainer_race`, `type`, `type_flags`, `lootid`, `pickpocketloot`, `skinloot`, `PetSpellDataId`, `VehicleId`, `mingold`, `maxgold`, `AIName`, `MovementType`, `HoverHeight`, `HealthModifier`, `ManaModifier`, `ArmorModifier`, `ExperienceModifier`, `RacialLeader`, `movementId`, `RegenHealth`, `mechanic_immune_mask`, `spell_school_immune_mask`, `flags_extra`, `ScriptName`, `VerifiedBuild`) VALUES
(60006, 0, 0, 0, 0, 0, 26592, 0, 0, 0, 'Electrified Golem', 'S1 | Rank 2', '', 0, 81, 81, 0, 14, 0, 1.1, 1.25, 1, 1, 10, 1.25, 1, 0, 10, 0, 0, 0, 0, 1, 0, 0, 0, 0, 0, 0, 0, 0, 9, 0, 0, 0, 0, 0, 0, 0, 0, 'SmartAI', 0, 1, 110, 1, 10, 1, 0, 0, 1, 0, 0, 1048576, '', 0);
DELETE FROM `smart_scripts` WHERE (`source_type` = 0 AND `entryorguid` = 60006);
INSERT INTO `smart_scripts` (`entryorguid`, `source_type`, `id`, `link`, `event_type`, `event_phase_mask`, `event_chance`, `event_flags`, `event_param1`, `event_param2`, `event_param3`, `event_param4`, `event_param5`, `event_param6`, `action_type`, `action_param1`, `action_param2`, `action_param3`, `action_param4`, `action_param5`, `action_param6`, `target_type`, `target_param1`, `target_param2`, `target_param3`, `target_param4`, `target_x`, `target_y`, `target_z`, `target_o`, `comment`) VALUES
(60006, 0, 0, 0, 0, 0, 100, 0, 3000, 7000, 20000, 25000, 0, 0, 11, 55636, 0, 0, 0, 0, 0, 2, 0, 0, 0, 0, 0, 0, 0, 0, 'Electrified Golem - In Combat - Cast \'Shockwave\''),
(60006, 0, 1, 0, 0, 0, 100, 0, 15000, 25000, 25000, 30000, 0, 0, 11, 43362, 0, 0, 0, 0, 0, 2, 0, 0, 0, 0, 0, 0, 0, 0, 'Electrified Golem - In Combat - Cast \'Electrified Net\''),
(60006, 0, 2, 0, 9, 0, 100, 0, 5000, 10000, 12000, 22000, 0, 15, 11, 53071, 0, 0, 0, 0, 0, 2, 0, 0, 0, 0, 0, 0, 0, 0, 'Electrified Golem - Within 0-15 Range - Cast \'Thunderstorm\''),
(60006, 0, 3, 0, 0, 0, 100, 0, 35000, 40000, 40000, 45000, 0, 0, 11, 20542, 0, 0, 0, 0, 0, 2, 0, 0, 0, 0, 0, 0, 0, 0, 'Electrified Golem - In Combat - Cast \'Static Conduit\'');

DELETE FROM `creature_template` WHERE (`entry` = 60007);
INSERT INTO `creature_template` (`entry`, `difficulty_entry_1`, `difficulty_entry_2`, `difficulty_entry_3`, `KillCredit1`, `KillCredit2`, `modelid1`, `modelid2`, `modelid3`, `modelid4`, `name`, `subname`, `IconName`, `gossip_menu_id`, `minlevel`, `maxlevel`, `exp`, `faction`, `npcflag`, `speed_walk`, `speed_run`, `speed_swim`, `speed_flight`, `detection_range`, `scale`, `rank`, `dmgschool`, `DamageModifier`, `BaseAttackTime`, `RangeAttackTime`, `BaseVariance`, `RangeVariance`, `unit_class`, `unit_flags`, `unit_flags2`, `dynamicflags`, `family`, `trainer_type`, `trainer_spell`, `trainer_class`, `trainer_race`, `type`, `type_flags`, `lootid`, `pickpocketloot`, `skinloot`, `PetSpellDataId`, `VehicleId`, `mingold`, `maxgold`, `AIName`, `MovementType`, `HoverHeight`, `HealthModifier`, `ManaModifier`, `ArmorModifier`, `ExperienceModifier`, `RacialLeader`, `movementId`, `RegenHealth`, `mechanic_immune_mask`, `spell_school_immune_mask`, `flags_extra`, `ScriptName`, `VerifiedBuild`) VALUES
(60007, 0, 0, 0, 0, 0, 6977, 0, 0, 0, 'Bomb Bot', 'S1 | Rank 2', '', 0, 81, 81, 0, 14, 0, 1.1, 0.5, 1, 1, 10, 1, 1, 0, 8, 0, 0, 0, 0, 1, 0, 0, 0, 0, 0, 0, 0, 0, 9, 0, 0, 0, 0, 0, 0, 0, 0, 'SmartAI', 0, 1, 110, 1, 10, 1, 0, 0, 1, 0, 0, 1048576, '', 0);
DELETE FROM `smart_scripts` WHERE (`source_type` = 0 AND `entryorguid` = 60007);
INSERT INTO `smart_scripts` (`entryorguid`, `source_type`, `id`, `link`, `event_type`, `event_phase_mask`, `event_chance`, `event_flags`, `event_param1`, `event_param2`, `event_param3`, `event_param4`, `event_param5`, `event_param6`, `action_type`, `action_param1`, `action_param2`, `action_param3`, `action_param4`, `action_param5`, `action_param6`, `target_type`, `target_param1`, `target_param2`, `target_param3`, `target_param4`, `target_x`, `target_y`, `target_z`, `target_o`, `comment`) VALUES
(60007, 0, 0, 0, 0, 0, 100, 0, 1000, 5000, 1000, 5000, 0, 0, 11, 35276, 2, 0, 0, 0, 0, 2, 0, 0, 0, 0, 0, 0, 0, 0, 'Bomb Bot - In Combat - Cast \'Throw Dynamite\'');

DELETE FROM `creature_template` WHERE (`entry` = 60008);
INSERT INTO `creature_template` (`entry`, `difficulty_entry_1`, `difficulty_entry_2`, `difficulty_entry_3`, `KillCredit1`, `KillCredit2`, `modelid1`, `modelid2`, `modelid3`, `modelid4`, `name`, `subname`, `IconName`, `gossip_menu_id`, `minlevel`, `maxlevel`, `exp`, `faction`, `npcflag`, `speed_walk`, `speed_run`, `speed_swim`, `speed_flight`, `detection_range`, `scale`, `rank`, `dmgschool`, `DamageModifier`, `BaseAttackTime`, `RangeAttackTime`, `BaseVariance`, `RangeVariance`, `unit_class`, `unit_flags`, `unit_flags2`, `dynamicflags`, `family`, `trainer_type`, `trainer_spell`, `trainer_class`, `trainer_race`, `type`, `type_flags`, `lootid`, `pickpocketloot`, `skinloot`, `PetSpellDataId`, `VehicleId`, `mingold`, `maxgold`, `AIName`, `MovementType`, `HoverHeight`, `HealthModifier`, `ManaModifier`, `ArmorModifier`, `ExperienceModifier`, `RacialLeader`, `movementId`, `RegenHealth`, `mechanic_immune_mask`, `spell_school_immune_mask`, `flags_extra`, `ScriptName`, `VerifiedBuild`) VALUES
(60008, 0, 0, 0, 0, 0, 26937, 0, 0, 0, 'Projection Unit', 'S1 | Rank 2', '', 0, 81, 81, 0, 14, 0, 1.1, 0.2, 1, 1, 10, 1.25, 1, 0, 10, 0, 0, 0, 0, 2, 0, 0, 0, 0, 0, 0, 0, 0, 9, 0, 0, 0, 0, 0, 0, 0, 0, 'SmartAI', 0, 1, 100, 1, 10, 1, 0, 223, 1, 0, 0, 1048576, '', 0);
DELETE FROM `creature_template_addon` WHERE (`entry` = 60008);
INSERT INTO `creature_template_addon` (`entry`, `path_id`, `mount`, `bytes1`, `bytes2`, `emote`, `visibilityDistanceType`, `auras`) VALUES
(60008, 0, 0, 50331648, 1, 0, 0, '');
DELETE FROM `smart_scripts` WHERE (`source_type` = 0 AND `entryorguid` = 60008);
INSERT INTO `smart_scripts` (`entryorguid`, `source_type`, `id`, `link`, `event_type`, `event_phase_mask`, `event_chance`, `event_flags`, `event_param1`, `event_param2`, `event_param3`, `event_param4`, `event_param5`, `event_param6`, `action_type`, `action_param1`, `action_param2`, `action_param3`, `action_param4`, `action_param5`, `action_param6`, `target_type`, `target_param1`, `target_param2`, `target_param3`, `target_param4`, `target_x`, `target_y`, `target_z`, `target_o`, `comment`) VALUES
(60008, 0, 0, 0, 0, 0, 100, 0, 0, 10000, 3000, 10000, 0, 0, 11, 47751, 0, 0, 0, 0, 0, 2, 0, 0, 0, 0, 0, 0, 0, 0, 'Projection Unit - In Combat - Cast \'Spark\''),
(60008, 0, 1, 0, 0, 0, 100, 0, 2000, 2000, 2000, 3000, 0, 0, 12, 60010, 3, 10000, 1, 0, 0, 2, 0, 0, 0, 0, 0, 0, 0, 0, 'Projection Unit - In Combat - Summon Creature \'Projection Unit\''),
(60008, 0, 2, 0, 6, 0, 100, 0, 0, 0, 0, 0, 0, 0, 41, 0, 0, 0, 0, 0, 0, 9, 60010, 0, 50, 0, 0, 0, 0, 0, 'Projection Unit - On Just Died - Despawn Instant');

DELETE FROM `creature_template` WHERE (`entry` = 60010);
INSERT INTO `creature_template` (`entry`, `difficulty_entry_1`, `difficulty_entry_2`, `difficulty_entry_3`, `KillCredit1`, `KillCredit2`, `modelid1`, `modelid2`, `modelid3`, `modelid4`, `name`, `subname`, `IconName`, `gossip_menu_id`, `minlevel`, `maxlevel`, `exp`, `faction`, `npcflag`, `speed_walk`, `speed_run`, `speed_swim`, `speed_flight`, `detection_range`, `scale`, `rank`, `dmgschool`, `DamageModifier`, `BaseAttackTime`, `RangeAttackTime`, `BaseVariance`, `RangeVariance`, `unit_class`, `unit_flags`, `unit_flags2`, `dynamicflags`, `family`, `trainer_type`, `trainer_spell`, `trainer_class`, `trainer_race`, `type`, `type_flags`, `lootid`, `pickpocketloot`, `skinloot`, `PetSpellDataId`, `VehicleId`, `mingold`, `maxgold`, `AIName`, `MovementType`, `HoverHeight`, `HealthModifier`, `ManaModifier`, `ArmorModifier`, `ExperienceModifier`, `RacialLeader`, `movementId`, `RegenHealth`, `mechanic_immune_mask`, `spell_school_immune_mask`, `flags_extra`, `ScriptName`, `VerifiedBuild`) VALUES
(60010, 0, 0, 0, 0, 0, 26937, 0, 0, 0, 'Projection Unit', '', '', 0, 81, 81, 0, 14, 0, 1.1, 1.25, 1, 1, 10, 1.25, 1, 0, 2, 0, 0, 0, 0, 1, 0, 0, 0, 0, 0, 0, 0, 0, 9, 0, 0, 0, 0, 0, 0, 0, 0, '', 0, 2, 1, 1, 10, 1, 0, 0, 1, 0, 0, 1048576, '', 0);

DELETE FROM `creature_template` WHERE (`entry` = 60009);
INSERT INTO `creature_template` (`entry`, `difficulty_entry_1`, `difficulty_entry_2`, `difficulty_entry_3`, `KillCredit1`, `KillCredit2`, `modelid1`, `modelid2`, `modelid3`, `modelid4`, `name`, `subname`, `IconName`, `gossip_menu_id`, `minlevel`, `maxlevel`, `exp`, `faction`, `npcflag`, `speed_walk`, `speed_run`, `speed_swim`, `speed_flight`, `detection_range`, `scale`, `rank`, `dmgschool`, `DamageModifier`, `BaseAttackTime`, `RangeAttackTime`, `BaseVariance`, `RangeVariance`, `unit_class`, `unit_flags`, `unit_flags2`, `dynamicflags`, `family`, `trainer_type`, `trainer_spell`, `trainer_class`, `trainer_race`, `type`, `type_flags`, `lootid`, `pickpocketloot`, `skinloot`, `PetSpellDataId`, `VehicleId`, `mingold`, `maxgold`, `AIName`, `MovementType`, `HoverHeight`, `HealthModifier`, `ManaModifier`, `ArmorModifier`, `ExperienceModifier`, `RacialLeader`, `movementId`, `RegenHealth`, `mechanic_immune_mask`, `spell_school_immune_mask`, `flags_extra`, `ScriptName`, `VerifiedBuild`) VALUES
(60009, 0, 0, 0, 0, 0, 5240, 0, 0, 0, 'King Dash', 'S1 | Rank 2', '', 0, 81, 81, 0, 14, 0, 1.1, 0.75, 1, 1, 10, 0.5, 1, 0, 12, 0, 0, 0, 0, 1, 0, 0, 0, 0, 0, 0, 0, 0, 1, 0, 0, 0, 0, 0, 0, 0, 0, 'SmartAI', 0, 1, 110, 1, 10, 1, 0, 0, 1, 0, 0, 1048576, '', 0);
DELETE FROM `creature_template_addon` WHERE (`entry` = 60009);
INSERT INTO `creature_template_addon` (`entry`, `path_id`, `mount`, `bytes1`, `bytes2`, `emote`, `visibilityDistanceType`, `auras`) VALUES
(60009, 0, 0, 0, 0, 0, 0, '25039');

-- Rank 3
DELETE FROM `creature_template` WHERE (`entry` = 60011);
INSERT INTO `creature_template` (`entry`, `difficulty_entry_1`, `difficulty_entry_2`, `difficulty_entry_3`, `KillCredit1`, `KillCredit2`, `modelid1`, `modelid2`, `modelid3`, `modelid4`, `name`, `subname`, `IconName`, `gossip_menu_id`, `minlevel`, `maxlevel`, `exp`, `faction`, `npcflag`, `speed_walk`, `speed_run`, `speed_swim`, `speed_flight`, `detection_range`, `scale`, `rank`, `dmgschool`, `DamageModifier`, `BaseAttackTime`, `RangeAttackTime`, `BaseVariance`, `RangeVariance`, `unit_class`, `unit_flags`, `unit_flags2`, `dynamicflags`, `family`, `trainer_type`, `trainer_spell`, `trainer_class`, `trainer_race`, `type`, `type_flags`, `lootid`, `pickpocketloot`, `skinloot`, `PetSpellDataId`, `VehicleId`, `mingold`, `maxgold`, `AIName`, `MovementType`, `HoverHeight`, `HealthModifier`, `ManaModifier`, `ArmorModifier`, `ExperienceModifier`, `RacialLeader`, `movementId`, `RegenHealth`, `mechanic_immune_mask`, `spell_school_immune_mask`, `flags_extra`, `ScriptName`, `VerifiedBuild`) VALUES
(60011, 0, 0, 0, 0, 0, 28010, 0, 0, 0, 'Mazhareen', 'S1 | Rank 3', '', 0, 81, 81, 0, 14, 0, 1.1, 1.2, 1, 1, 10, 0.8, 1, 0, 12, 0, 0, 0, 0, 1, 0, 0, 0, 0, 0, 0, 0, 0, 1, 0, 0, 0, 0, 0, 0, 0, 0, 'SmartAI', 0, 1, 115, 1, 10, 1, 0, 0, 1, 0, 0, 1048576, '', 0);
DELETE FROM `smart_scripts` WHERE (`source_type` = 0 AND `entryorguid` = 60011);
INSERT INTO `smart_scripts` (`entryorguid`, `source_type`, `id`, `link`, `event_type`, `event_phase_mask`, `event_chance`, `event_flags`, `event_param1`, `event_param2`, `event_param3`, `event_param4`, `event_param5`, `event_param6`, `action_type`, `action_param1`, `action_param2`, `action_param3`, `action_param4`, `action_param5`, `action_param6`, `target_type`, `target_param1`, `target_param2`, `target_param3`, `target_param4`, `target_x`, `target_y`, `target_z`, `target_o`, `comment`) VALUES
(60011, 0, 0, 0, 0, 0, 100, 0, 2000, 2000, 2000, 2000, 0, 0, 11, 50713, 0, 0, 0, 0, 0, 1, 0, 0, 0, 0, 0, 0, 0, 0, 'Mazhareen - In Combat - Cast \'Unrelenting Onslaught\''),
(60011, 0, 1, 0, 2, 0, 100, 0, 0, 25, 24000, 24000, 0, 0, 11, 52968, 2, 0, 0, 0, 0, 1, 0, 0, 0, 0, 0, 0, 0, 0, 'Mazhareen - Between 0-25% Health - Cast \'Heartblood Rage\''),
(60011, 0, 2, 0, 23, 0, 100, 0, 50713, 20, 5000, 7000, 0, 0, 11, 59840, 0, 0, 0, 0, 0, 2, 0, 0, 0, 0, 0, 0, 0, 0, 'Mazhareen - On Aura \'Unrelenting Onslaught\' (20 stacks) - Cast \'Powerful Bite\'');

DELETE FROM `creature_template` WHERE (`entry` = 60012);
INSERT INTO `creature_template` (`entry`, `difficulty_entry_1`, `difficulty_entry_2`, `difficulty_entry_3`, `KillCredit1`, `KillCredit2`, `modelid1`, `modelid2`, `modelid3`, `modelid4`, `name`, `subname`, `IconName`, `gossip_menu_id`, `minlevel`, `maxlevel`, `exp`, `faction`, `npcflag`, `speed_walk`, `speed_run`, `speed_swim`, `speed_flight`, `detection_range`, `scale`, `rank`, `dmgschool`, `DamageModifier`, `BaseAttackTime`, `RangeAttackTime`, `BaseVariance`, `RangeVariance`, `unit_class`, `unit_flags`, `unit_flags2`, `dynamicflags`, `family`, `trainer_type`, `trainer_spell`, `trainer_class`, `trainer_race`, `type`, `type_flags`, `lootid`, `pickpocketloot`, `skinloot`, `PetSpellDataId`, `VehicleId`, `mingold`, `maxgold`, `AIName`, `MovementType`, `HoverHeight`, `HealthModifier`, `ManaModifier`, `ArmorModifier`, `ExperienceModifier`, `RacialLeader`, `movementId`, `RegenHealth`, `mechanic_immune_mask`, `spell_school_immune_mask`, `flags_extra`, `ScriptName`, `VerifiedBuild`) VALUES
(60012, 0, 0, 0, 0, 0, 26304, 0, 0, 0, 'Gorenog', 'S1 | Rank 3', '', 0, 81, 81, 0, 14, 0, 1.1, 1.2, 1, 1, 10, 1.5, 1, 0, 12, 0, 0, 0, 0, 1, 0, 0, 0, 0, 0, 0, 0, 0, 1, 0, 0, 0, 0, 0, 0, 0, 0, 'SmartAI', 0, 1, 115, 1, 10, 1, 0, 0, 1, 0, 0, 1048576, '', 0);
DELETE FROM `smart_scripts` WHERE (`source_type` = 0 AND `entryorguid` = 60012);
INSERT INTO `smart_scripts` (`entryorguid`, `source_type`, `id`, `link`, `event_type`, `event_phase_mask`, `event_chance`, `event_flags`, `event_param1`, `event_param2`, `event_param3`, `event_param4`, `event_param5`, `event_param6`, `action_type`, `action_param1`, `action_param2`, `action_param3`, `action_param4`, `action_param5`, `action_param6`, `target_type`, `target_param1`, `target_param2`, `target_param3`, `target_param4`, `target_x`, `target_y`, `target_z`, `target_o`, `comment`) VALUES
(60012, 0, 0, 0, 9, 0, 100, 0, 1000, 3000, 3000, 4000, 5, 30, 11, 55982, 0, 0, 0, 0, 0, 2, 0, 0, 0, 0, 0, 0, 0, 0, 'Mazhareen - Within 5-30 Range - Cast \'Mammoth Charge\''),
(60012, 0, 1, 0, 0, 0, 100, 0, 12000, 20000, 12000, 20000, 0, 0, 11, 62331, 32, 0, 0, 0, 0, 2, 0, 0, 0, 0, 0, 0, 0, 0, 'Gorenog - In Combat - Cast \'Impale\'');

DELETE FROM `creature_template` WHERE (`entry` = 60013);
INSERT INTO `creature_template` (`entry`, `difficulty_entry_1`, `difficulty_entry_2`, `difficulty_entry_3`, `KillCredit1`, `KillCredit2`, `modelid1`, `modelid2`, `modelid3`, `modelid4`, `name`, `subname`, `IconName`, `gossip_menu_id`, `minlevel`, `maxlevel`, `exp`, `faction`, `npcflag`, `speed_walk`, `speed_run`, `speed_swim`, `speed_flight`, `detection_range`, `scale`, `rank`, `dmgschool`, `DamageModifier`, `BaseAttackTime`, `RangeAttackTime`, `BaseVariance`, `RangeVariance`, `unit_class`, `unit_flags`, `unit_flags2`, `dynamicflags`, `family`, `trainer_type`, `trainer_spell`, `trainer_class`, `trainer_race`, `type`, `type_flags`, `lootid`, `pickpocketloot`, `skinloot`, `PetSpellDataId`, `VehicleId`, `mingold`, `maxgold`, `AIName`, `MovementType`, `HoverHeight`, `HealthModifier`, `ManaModifier`, `ArmorModifier`, `ExperienceModifier`, `RacialLeader`, `movementId`, `RegenHealth`, `mechanic_immune_mask`, `spell_school_immune_mask`, `flags_extra`, `ScriptName`, `VerifiedBuild`) VALUES
(60013, 0, 0, 0, 0, 0, 17864, 0, 0, 0, 'Darkfeather', 'S1 | Rank 3', '', 0, 81, 81, 0, 14, 0, 1.1, 1.2, 1, 1, 10, 1, 1, 0, 12, 0, 0, 0, 0, 1, 0, 0, 0, 0, 0, 0, 0, 0, 7, 0, 0, 0, 0, 0, 0, 0, 0, 'SmartAI', 0, 1, 115, 1, 10, 1, 0, 0, 1, 0, 0, 1048576, '', 0);
DELETE FROM `smart_scripts` WHERE (`source_type` = 0 AND `entryorguid` = 60013);
INSERT INTO `smart_scripts` (`entryorguid`, `source_type`, `id`, `link`, `event_type`, `event_phase_mask`, `event_chance`, `event_flags`, `event_param1`, `event_param2`, `event_param3`, `event_param4`, `event_param5`, `event_param6`, `action_type`, `action_param1`, `action_param2`, `action_param3`, `action_param4`, `action_param5`, `action_param6`, `target_type`, `target_param1`, `target_param2`, `target_param3`, `target_param4`, `target_x`, `target_y`, `target_z`, `target_o`, `comment`) VALUES
(60013, 0, 0, 0, 0, 0, 100, 0, 10000, 15000, 10000, 15000, 0, 0, 11, 61672, 0, 0, 0, 0, 0, 2, 0, 0, 0, 0, 0, 0, 0, 0, 'Darkfeather - In Combat - Cast \'Choking Cloud\''),
(60013, 0, 1, 0, 0, 0, 100, 0, 2000, 2000, 2000, 2000, 0, 0, 11, 56891, 64, 0, 0, 0, 0, 2, 0, 0, 0, 0, 0, 0, 0, 0, 'Darkfeather - In Combat - Cast \'Lightning Bolt\''),
(60013, 0, 2, 0, 0, 0, 100, 0, 10000, 15000, 10000, 15000, 0, 0, 11, 37332, 0, 0, 0, 0, 0, 2, 0, 0, 0, 0, 0, 0, 0, 0, 'Darkfeather - In Combat - Cast \'Frost Shock\'');

DELETE FROM `creature_template` WHERE (`entry` = 60014);
INSERT INTO `creature_template` (`entry`, `difficulty_entry_1`, `difficulty_entry_2`, `difficulty_entry_3`, `KillCredit1`, `KillCredit2`, `modelid1`, `modelid2`, `modelid3`, `modelid4`, `name`, `subname`, `IconName`, `gossip_menu_id`, `minlevel`, `maxlevel`, `exp`, `faction`, `npcflag`, `speed_walk`, `speed_run`, `speed_swim`, `speed_flight`, `detection_range`, `scale`, `rank`, `dmgschool`, `DamageModifier`, `BaseAttackTime`, `RangeAttackTime`, `BaseVariance`, `RangeVariance`, `unit_class`, `unit_flags`, `unit_flags2`, `dynamicflags`, `family`, `trainer_type`, `trainer_spell`, `trainer_class`, `trainer_race`, `type`, `type_flags`, `lootid`, `pickpocketloot`, `skinloot`, `PetSpellDataId`, `VehicleId`, `mingold`, `maxgold`, `AIName`, `MovementType`, `HoverHeight`, `HealthModifier`, `ManaModifier`, `ArmorModifier`, `ExperienceModifier`, `RacialLeader`, `movementId`, `RegenHealth`, `mechanic_immune_mask`, `spell_school_immune_mask`, `flags_extra`, `ScriptName`, `VerifiedBuild`) VALUES
(60014, 0, 0, 0, 0, 0, 30414, 0, 0, 0, 'Ming Li', 'S1 | Rank 3', '', 0, 81, 81, 0, 14, 0, 1.1, 1.2, 1, 1, 10, 2.5, 1, 0, 12, 0, 0, 0, 0, 1, 0, 0, 0, 0, 0, 0, 0, 0, 1, 0, 0, 0, 0, 0, 0, 0, 0, 'SmartAI', 0, 1, 115, 1, 10, 1, 0, 0, 1, 0, 0, 1048576, '', 0);
DELETE FROM `smart_scripts` WHERE (`source_type` = 0 AND `entryorguid` = 60014);
INSERT INTO `smart_scripts` (`entryorguid`, `source_type`, `id`, `link`, `event_type`, `event_phase_mask`, `event_chance`, `event_flags`, `event_param1`, `event_param2`, `event_param3`, `event_param4`, `event_param5`, `event_param6`, `action_type`, `action_param1`, `action_param2`, `action_param3`, `action_param4`, `action_param5`, `action_param6`, `target_type`, `target_param1`, `target_param2`, `target_param3`, `target_param4`, `target_x`, `target_y`, `target_z`, `target_o`, `comment`) VALUES
(60014, 0, 0, 0, 0, 0, 100, 0, 30000, 40000, 30000, 40000, 0, 0, 11, 63784, 2, 0, 0, 0, 0, 1, 0, 0, 0, 0, 0, 0, 0, 0, 'Ming Li - In Combat - Cast \'Bladestorm\''),
(60014, 0, 1, 0, 0, 0, 100, 0, 5000, 7000, 5000, 7000, 0, 0, 11, 49648, 0, 0, 0, 0, 0, 2, 0, 0, 0, 0, 0, 0, 0, 0, 'Ming Li - In Combat - Cast \'Summon Fissure\''),
(60014, 0, 2, 0, 0, 0, 100, 0, 12000, 20000, 12000, 20000, 0, 0, 11, 25322, 0, 0, 0, 0, 0, 2, 0, 0, 0, 0, 0, 0, 0, 0, 'Ming Li - In Combat - Cast \'Sweeping Slam\'');
